标题,地区,位置,类型,均价/平方米每元,室厅数,面积,标签,总价,对数均价/平方米每元,对数总价,对数面积
保利南沙天汇,南沙,黄阁,在售,15000,3室,106.5,"特价好房, 低单价, 车位充足, 绿化率高",227.5,9.615805480084347,5.427150238391005,4.66814498514948
保利招商华发中央公馆,黄埔,黄埔区府,在售,45000,2室,120.0,"绿化率高, 人车分流, 国央企, 品牌房企",465.0,10.714417768752456,6.142037405587356,4.787491742782046
中建海丝城,黄埔,文冲,在售,34000,4室,97.5,"绿化率高, 人车分流, 国央企, 品牌房企",330.0,10.4341158035983,5.799092654460526,4.579852378003801
中建·星光城,白云,石井,在售,26000,4室,84.5,"低单价, 低总价, 绿化率高, 人车分流",217.5,10.165851817003619,5.382198850528739,4.436751534363128
星河·盛世锦城,番禺,雅居乐,在售,37000,4室,117.0,"绿色建筑, 车位充足, 品牌房企, 近地铁",408.0,10.51867319162636,6.0112671744041615,4.762173934797756
合生中央城（住宅）,黄埔,香雪,在售,30000,3室,127.0,"低总价, 绿化率高, 人车分流, 入户花园",402.5,10.308952660644293,5.997695096858618,4.844187086458591
景业东湖洲豪园,南沙,南沙湾,在售,26000,3室,108.0,"车位充足, 低密居所, 置换改善, 养老舒适",325.0,10.165851817003619,5.783825182329737,4.68213122712422
南沙珠江湾,南沙,南沙湾,在售,30000,4室,108.0,"人车分流, 大型社区, 品牌房企, 贴心物业",318.0,10.308952660644293,5.762051382780177,4.68213122712422
碧桂园云顶,增城,凤凰城,在售,14000,4室,147.5,"车位充足, 人车分流, 品牌房企, 水系园林",163.5,9.546812608597396,5.096812990337308,4.993828175779875
新世界凯粤湾,荔湾,滘口,在售,43000,4室,114.0,"绿化率高, 人车分流, 品牌房企, 入户花园",585.0,10.668955394675699,6.371611847231857,4.736198448394496
东方名都,增城,白江,在售,19000,3室,91.0,"绿化率高, 人车分流, 入户花园, 健身跑道",274.0,9.852194258148577,5.6131281063880705,4.51085950651685
广州敏捷绿湖首府,增城,石滩镇,在售,8500,2室,97.0,"低单价, 低总价, 车位充足, 人车分流",79.0,9.047821442478408,4.3694478524670215,4.574710978503383
顺欣花园,增城,新塘北,在售,14800,3室,109.0,"人车分流, 大型社区, 儿童乐园, 地铁沿线",175.15,9.602382459752207,5.165642749643496,4.6913478822291435
新鸿基御华园,花都,狮岭镇,在售,15000,2室,93.0,"低单价, 低总价, 人车分流, 大型社区",134.0,9.615805480084347,4.897839799950911,4.532599493153256
雍晟岭南雅苑,从化,江浦街,在售,16000,4室,89.0,"绿化率高, 人车分流, 品牌房企, 入户花园",145.0,9.680344001221918,4.976733742420574,4.48863636973214
卓粤卓雅名苑,花都,花城街,在售,14500,3室,101.0,"低单价, 低总价, 车位充足, 绿化率高",155.0,9.581903928408666,5.043425116919247,4.61512051684126
万科幸福誉1期,黄埔,知识城,在售,31000,4室,116.0,"车位充足, 绿化率高, 国央企, 品牌房企",550.0,10.341742483467284,6.309918278226516,4.7535901911063645
科城山庄峻森园,黄埔,科学城,待售,41000,4室,124.0,"大型社区, 近地铁, 地铁沿线, 大平层",600.0,10.621327345686446,6.396929655216146,4.820281565605037
珠江国际城,从化,神岗镇,在售,8500,4室,139.5,"低单价, 低总价, 车位充足, 绿化率高",196.5,9.047821442478408,5.280662431309316,4.93806460126142
富雅都市华庭,增城,新塘北,在售,15600,3室,77.0,"人车分流, 大型社区, 避暑, 儿童乐园",142.5,9.655026193237628,4.959341999708705,4.343805421853684
珠光山水御苑,从化,江浦街,在售,8000,4室,156.0,"低单价, 车位充足, 绿化率高, 健身跑道",175.0,8.987196820661973,5.1647859739235145,5.049856007249537
致岭假日花园,花都,狮岭镇,在售,13000,4室,102.5,"低单价, 低总价, 车位充足, 绿化率高",162.5,9.472704636443673,5.090678001769792,4.629862798578463
尚东阳光雅苑,增城,沙村,在售,14000,2室,96.0,"绿化率高, 人车分流, 品牌房企, 入户花园",125.0,9.546812608597396,4.8283137373023015,4.564348191467836
荔富湖畔,增城,朱村,在售,14000,4室,136.0,"车位充足, 绿化率高, 品牌房企, 入户花园",188.5,9.546812608597396,5.2390980068880655,4.912654885736052
南沙金茂湾,南沙,明珠湾,在售,16000,1室,184.0,"车位充足, 大型社区, 国央企, 品牌房企",455.0,9.680344001221918,6.12029741895095,5.214935757608986
湾际·滨江,南沙,进港大道,在售,26000,5室,130.5,"低总价, 人车分流, 大型社区, 品牌房企",265.0,10.165851817003619,5.579729825986222,4.871373226762748
海珠湖景峰,海珠,南洲,在售,45000,2室,101.0,"低总价, 车位充足, 绿化率高, 多轨交汇",340.0,10.714417768752456,5.8289456176102075,4.61512051684126
臻尚苑,番禺,广州南站,在售,28000,2室,107.0,"低单价, 低总价, 绿化率高, 人车分流",376.0,10.239959789157341,5.929589143389895,4.672828834461906
合汇·中央广场,增城,荔城中区,在售,21000,3室,126.0,"人车分流, 大型社区, 品牌房企, 入户花园",420.5,9.95227771670556,6.041444479413003,4.836281906951478
大城云山,从化,太平镇,在售,13000,3室,131.5,"绿化率高, 低密居所, 置换改善, 高品质小区",250.0,9.472704636443673,5.521460917862246,4.879006851617819
珠江源昌花园,南沙,横沥,在售,20000,4室,101.0,"低单价, 低总价, 绿化率高, 人车分流",242.5,9.903487552536127,5.491001710377538,4.61512051684126
惠百氏广场,增城,白江,在售,15000,2室,102.5,"人车分流, 大型社区, 自持商业, 近地铁",182.5,9.615805480084347,5.206750173022546,4.629862798578463
仁安花园,增城,朱村,在售,11000,2室,86.5,"低单价, 低总价, 绿化率高, 人车分流",105.0,9.305650551780507,4.653960350157523,4.460144413937834
紫泉流溪湾,从化,太平镇,在售,16000,4室,145.5,"车位充足, 绿化率高, 入户花园, 临近高速",195.0,9.680344001221918,5.272999558563747,4.980176086611547
中泰天境,黄埔,知识城,在售,23000,4室,130.0,"低单价, 低总价, 车位充足, 绿化率高",300.0,10.043249494911286,5.703782474656201,4.867534450455582
嘉御豪庭,增城,石滩镇,在售,12600,3室,100.0,"低单价, 人车分流, 大型社区, 儿童乐园",133.5,9.441452092939569,4.894101477840304,4.605170185988092
合景誉山国际,增城,永宁,在售,10000,3室,108.0,"低单价, 低总价, 绿化率高, 人车分流",80.0,9.210340371976184,4.382026634673881,4.68213122712422
凯德·中新里,黄埔,知识城,在售,21000,3室,108.0,"低单价, 低总价, 车位充足, 绿化率高",217.5,9.95227771670556,5.382198850528739,4.68213122712422
顺丰翠园,白云,石井,在售,25000,4室,126.0,"低单价, 低总价, 车位充足, 绿化率高",317.5,10.126631103850338,5.760477818332746,4.836281906951478
中海亚运城,番禺,亚运城,在售,25000,3室,168.5,"低单价, 低总价, 绿化率高, 人车分流",450.0,10.126631103850338,6.1092475827643655,5.126935749792416
华标峰湖御境,黄埔,科学城,在售,57000,7室,488.0,"车位充足, 低密居所, 置换改善, 养老舒适",2520.0,10.950806546816688,7.832014180505469,6.1903154058531475
南沙珠江湾,南沙,南沙湾,在售,9000,2室,67.0,"低单价, 低总价, 人车分流, 大型社区",67.5,9.104979856318357,4.212127597878484,4.204692619390966
尚上名筑,番禺,亚运城,在售,24000,2室,107.5,"低单价, 低总价, 绿化率高, 人车分流",285.0,10.085809109330082,5.652489180268651,4.677490847567717
金泽豪庭,增城,白江,在售,15200,4室,87.0,"人车分流, 大型社区, 近地铁, 地铁沿线",174.5,9.629050706834368,5.161924741642482,4.465908118654584
金融街花溪小镇,花都,花东镇,在售,10000,2室,101.5,"低单价, 低总价, 车位充足, 绿化率高",127.5,9.210340371976184,4.848116364598481,4.620058798481842
华海·悦湾,南沙,南沙港,在售,17500,2室,98.5,"低单价, 低总价, 车位充足, 人车分流",175.0,9.769956159911606,5.1647859739235145,4.590056548178043
越秀星汇海珠湾,海珠,工业大道中,在售,30000,4室,128.0,"绿化率高, 人车分流, 国央企, 品牌房企",525.0,10.308952660644293,6.263398262591624,4.852030263919617
金时花园,增城,荔城增江,在售,9300,3室,112.0,"低单价, 低总价, 车位充足, 人车分流",104.5,9.137769679141348,4.6491870714048655,4.718498871295094
石滩第一城,增城,石滩镇,在售,12000,3室,110.5,"低单价, 低总价, 车位充足, 人车分流",157.5,9.392661928770137,5.059425458265688,4.705015520957808
雅宝新城,花都,秀全街,在售,16800,3室,147.5,"低总价, 车位充足, 绿化率高, 水系园林",199.5,9.72913416539135,5.295814236329918,4.993828175779875
山璟轩,增城,新塘南,在售,19500,3室,74.5,"小型社区, 封闭管理, 地铁沿线, 公交直达",122.5,9.878169744551839,4.808111029984782,4.310799125385514
汇港威华雅苑,增城,朱村,在售,12000,3室,99.0,"低单价, 低总价, 车位充足, 人车分流",136.0,9.392661928770137,4.912654885736052,4.59511985013459
源海仙村一号,增城,石滩镇,在售,12500,2室,107.5,"低单价, 车位充足, 人车分流, 入户花园",175.0,9.433483923290392,5.1647859739235145,4.677490847567717
元邦山清水秀,花都,狮岭镇,在售,8500,4室,115.5,"低单价, 低总价, 绿化率高, 低密居所",119.5,9.047821442478408,4.783316371371566,4.749270529961848
三江盛汇,增城,石滩镇,待售,12000,4室,127.5,"低单价, 绿化率高, 大三居, 现房",154.0,9.392661928770137,5.0369526024136295,4.848116364598481
合和新城,花都,镜湖大道,在售,19000,3室,141.0,"车位充足, 大型社区, 近地铁, 地铁沿线",318.5,9.852194258148577,5.763622475012218,4.948759890378168
南沙湾御苑,南沙,南沙港,在售,22000,4室,179.0,"低单价, 车位充足, 低密居所, 置换改善",600.0,9.998797732340453,6.396929655216146,5.187385805840755
叠溪花园,增城,朱村,在售,10500,3室,101.5,"低单价, 低总价, 车位充足, 人车分流",109.0,9.259130536145614,4.6913478822291435,4.620058798481842
大宏锦绣,南沙,南沙湾,在售,25000,4室,132.5,"车位充足, 人车分流, 自持商业, 近地铁",335.0,10.126631103850338,5.814130531825066,4.886582645426277
绿地珑玥府,增城,荔城增江,在售,17000,4室,118.0,"车位充足, 人车分流, 国央企, 品牌房企",209.0,9.740968623038354,5.342334251964811,4.770684624465665
中交汇通中心,南沙,明珠湾,在售,38000,4室,108.0,"车位充足, 人车分流, 国央企, 品牌房企",400.0,10.545341438708522,5.991464547107982,4.68213122712422
合生湖山国际,增城,凤凰城,在售,16000,3室,107.5,"大型社区, 封闭管理, 品牌房企, 儿童乐园",178.5,9.680344001221918,5.184588601219693,4.677490847567717
嘉东广场,从化,旺城片区,在售,12000,2室,104.0,"绿化率高, 人车分流, 儿童乐园, 公交直达",125.5,9.392661928770137,4.832305758571839,4.6443908991413725
合景誉山国际,增城,永宁,在售,8500,2室,40.5,"绿化率高, 人车分流, 品牌房企, 健身跑道",43.0,9.047821442478408,3.7612001156935624,3.7013019741124933
都湖国际,花都,旧区,在售,28000,4室,164.5,"车位充足, 绿化率高, 品牌房企, 地铁沿线",679.0,10.239959789157341,6.520621127558696,5.1029105702054265
东江逸珑湾,增城,新塘南,在售,21000,4室,125.5,"人车分流, 大型社区, 品牌房企, 贴心物业",305.0,9.95227771670556,5.720311776607412,4.832305758571839
敏捷尚品国际,南沙,进港大道,在售,9000,2室,75.0,"低单价, 低总价, 大型社区, 品牌房企",57.0,9.104979856318357,4.04305126783455,4.31748811353631
珠江花城,天河,黄村,在售,50000,4室,108.0,"绿化率高, 人车分流, 国央企, 品牌房企",650.0,10.819778284410283,6.476972362889683,4.68213122712422
保利金沙大都汇,白云,金沙洲,在售,60000,4室,108.0,"低总价, 车位充足, 人车分流, 国央企",700.0,11.002099841204238,6.551080335043404,4.68213122712422
花悦台,花都,狮岭镇,在售,9000,3室,88.0,"低单价, 低总价, 人车分流, 小型社区",80.5,9.104979856318357,4.388257184424518,4.477336814478207
星图TOD,增城,新塘北,在售,21000,2室,106.5,"车位充足, 人车分流, 国央企, 品牌房企",306.0,9.95227771670556,5.723585101952381,4.66814498514948
中洲公馆,番禺,市桥,在售,35000,4室,63.0,"车位充足, 绿化率高, 品牌房企, 贴心物业",147.0,10.46310334047155,4.990432586778736,4.143134726391533
美的云筑,南沙,鱼窝头,在售,21000,4室,105.0,"低单价, 低总价, 车位充足, 绿化率高",230.0,9.95227771670556,5.438079308923196,4.653960350157523
祈福万景峰,花都,铁路西,在售,15900,3室,101.5,"低总价, 人车分流, 大型社区, 贴心物业",141.5,9.674074388208323,4.952299717083292,4.620058798481842
侨建御溪谷北区,增城,中新镇,在售,21500,4室,285.0,"车位充足, 绿化率高, 置换改善, 近地铁",613.0,9.975808214115753,6.418364935936212,5.652489180268651
天睿,番禺,会江,在售,22000,3室,114.0,"绿化率高, 人车分流, 置换改善, 贴心物业",702.5,9.998797732340453,6.5546454012079005,4.736198448394496
珠江铂世湾,番禺,雅居乐,在售,38000,4室,121.5,"特价好房, 低总价, 车位充足, 绿化率高",440.0,10.545341438708522,6.0867747269123065,4.799914262780603
汇金国际金融中心,天河,金融城,在售,43000,4室,108.0,"车位充足, 人车分流, 国央企, 品牌房企",800.0,10.668955394675699,6.684611727667927,4.68213122712422
汇金国际金融中心,天河,金融城,在售,43000,4室,108.0,"车位充足, 大型社区, 国央企, 品牌房企",800.0,10.668955394675699,6.684611727667927,4.68213122712422
保利金沙大都汇,白云,金沙洲,在售,20000,2室,36.0,"人车分流, 大型社区, 国央企, 品牌房企",110.5,9.903487552536127,4.705015520957808,3.58351893845611
中交汇通中心,南沙,明珠湾,在售,22000,1室,75.5,"低总价, 人车分流, 大型社区, 国央企",135.5,9.998797732340453,4.908971640319756,4.324132656254979
香江天赋,增城,凤凰城,在售,27000,4室,146.0,"车位充足, 人车分流, 品牌房企, 健身跑道",280.0,10.203592144986466,5.634789603169249,4.983606621708336
广州钢铁博汇,黄埔,开发西区,待售,32000,4室,108.0,"大型社区, 国央企, 品牌房企, 公交直达",345.0,10.373491181781864,5.84354441703136,4.68213122712422
建发央玺,白云,石井,在售,40000,5室,147.0,"车位充足, 人车分流, 国央企, 品牌房企",800.0,10.596634733096073,6.684611727667927,4.990432586778736
首创碧桂园悦山府,增城,荔城增江,在售,11000,4室,105.5,"低单价, 低总价, 车位充足, 绿化率高",122.5,9.305650551780507,4.808111029984782,4.658710952916121
沁园,黄埔,香雪,在售,57000,6室,268.5,"车位充足, 绿化率高, 置换改善, 休闲会所",1650.0,10.950806546816688,7.408530566894626,5.5928509139489195
仟信广场,从化,河滨北路,在售,12500,3室,129.0,"车位充足, 绿化率高, 儿童乐园, 近地铁",195.0,9.433483923290392,5.272999558563747,4.859812404361672
中冶·逸璟台,黄埔,科学城,在售,50000,4室,154.0,"车位充足, 绿化率高, 国央企, 品牌房企",752.5,10.819778284410283,6.6234009966230305,5.0369526024136295
康大龙祥汇,黄埔,知识城,在售,40000,3室,140.0,"车位充足, 绿化率高, 国央企, 置换改善",465.0,10.596634733096073,6.142037405587356,4.941642422609304
保利时代,从化,江浦街,在售,12500,2室,87.0,"低总价, 车位充足, 绿化率高, 国央企",123.0,9.433483923290392,4.812184355372417,4.465908118654584
中国中铁·诺德名著,增城,荔城西区,在售,18000,4室,113.0,"车位充足, 人车分流, 国央企, 品牌房企",200.0,9.798127036878302,5.298317366548036,4.727387818712341
岭南V谷,荔湾,菊树,在售,20000,4室,108.0,"人车分流, 大型社区, 国央企, 品牌房企",150.0,9.903487552536127,5.0106352940962555,4.68213122712422
岭南V谷,荔湾,菊树,在售,21000,2室,50.0,"低单价, 低总价, 绿化率高, 人车分流",110.0,9.95227771670556,4.700480365792417,3.912023005428146
百花山庄,增城,荔城西区,在售,18000,4室,175.0,"车位充足, 绿化率高, 置换改善, 私属庭院",315.0,9.798127036878302,5.752572638825633,5.1647859739235145
保利中海金地·大国璟,增城,荔城西区,在售,13000,4室,98.5,"低单价, 低总价, 车位充足, 大型社区",165.0,9.472704636443673,5.10594547390058,4.590056548178043
时代绿庭山语,南沙,大岗镇,待售,21000,2室,81.5,"低单价, 低总价, 绿化率高, 人车分流",227.5,9.95227771670556,5.427150238391005,4.400603020246817
广地花园,番禺,星河湾,在售,27000,3室,120.5,"低单价, 低总价, 车位充足, 低密居所",405.0,10.203592144986466,6.003887067106539,4.791649752930709
天健云山府,白云,白云大道南,在售,60000,4室,108.0,"车位充足, 人车分流, 国央企, 品牌房企",350.0,11.002099841204238,5.857933154483459,4.68213122712422
越秀星汇海珠湾204地块滨水独栋商业,海珠,工业大道中,在售,62000,4室,108.0,"大型社区, 国央企, 品牌房企, 近地铁",4050.0,11.03488966402723,8.306472160100585,4.68213122712422
星悦轩,白云,马务,在售,31000,3室,92.0,"低总价, 车位充足, 人车分流, 地铁沿线",322.0,10.341742483467284,5.7745515455444085,4.5217885770490405
中海熙园,南沙,东涌,在售,48000,4室,109.5,"绿化率高, 低密居所, 国央企, 置换改善",640.0,10.778956289890028,6.461468176353717,4.695924549256556
保利国际金融中心（花都）,花都,花城街,在售,18000,1室,347.0,"车位充足, 人车分流, 国央企, 品牌房企",625.0,9.798127036878302,6.437751649736401,5.849324779946859
华润置地润悦,增城,荔城西区,在售,12500,4室,110.0,"低单价, 低总价, 车位充足, 人车分流",192.5,9.433483923290392,5.260096153727839,4.700480365792417
广州敏捷绿湖首府,增城,石滩镇,在售,25000,1室,338.0,"人车分流, 大型社区, 品牌房企, 健身跑道",400.0,10.126631103850338,5.991464547107982,5.823045895483019
时代绿庭山语,南沙,大岗镇,待售,25000,4室,108.0,"车位充足, 人车分流, 品牌房企, 健身跑道",200.0,10.126631103850338,5.298317366548036,4.68213122712422
源海仙村一号,增城,石滩镇,在售,20000,4室,108.0,"车位充足, 人车分流, 水系园林, 公交直达",280.0,9.903487552536127,5.634789603169249,4.68213122712422
阳光城兰园翡澜花园,花都,新区,在售,21000,4室,106.0,"车位充足, 绿化率高, 品牌房企, 近地铁",250.0,9.95227771670556,5.521460917862246,4.663439094112067
金时花园,增城,荔城增江,在售,14000,1室,103.5,"车位充足, 人车分流, 品牌房企, 入户花园",150.5,9.546812608597396,5.01396308418893,4.639571612705423
招商金茂保利和府,从化,旧城区,在售,13500,4室,94.0,"绿化率高, 人车分流, 国央企, 品牌房企",152.5,9.51044496442652,5.0271645960474665,4.543294782270004
合景朗云花园,白云,夏茅,在售,30000,4室,106.0,"低单价, 低总价, 车位充足, 绿化率高",345.0,10.308952660644293,5.84354441703136,4.663439094112067
伟腾云星,白云,黄边,在售,38000,2室,106.0,"低总价, 车位充足, 绿化率高, 入户花园",410.0,10.545341438708522,6.016157159698354,4.663439094112067
得天和苑,增城,永宁,在售,12500,4室,104.5,"低单价, 低总价, 车位充足, 人车分流",135.0,9.433483923290392,4.90527477843843,4.6491870714048655
尊悦台,南沙,大岗镇,在售,14500,2室,102.5,"低单价, 低总价, 车位充足, 人车分流",135.0,9.581903928408666,4.90527477843843,4.629862798578463
颐德湾尚,南沙,明珠湾,在售,30000,4室,203.5,"车位充足, 绿化率高, 国央企, 品牌房企",585.0,10.308952660644293,6.371611847231857,5.31566600488265
嘉河湾8号,花都,铁路西,在售,13000,2室,122.5,"低单价, 低总价, 车位充足, 绿化率高",212.5,9.472704636443673,5.358941988364472,4.808111029984782
品秀·星瀚,番禺,广州南站,在售,31000,3室,94.0,"低总价, 车位充足, 人车分流, 国央企",340.0,10.341742483467284,5.8289456176102075,4.543294782270004
嘉华广场,花都,镜湖大道,在售,13000,1室,50.0,"车位充足, 人车分流, 近地铁, 地铁沿线",72.5,9.472704636443673,4.283586561860629,3.912023005428146
天马河·名荟,花都,铁路西,在售,14500,2室,63.0,"低单价, 低总价, 小型社区, 封闭管理",71.5,9.581903928408666,4.269697449699962,4.143134726391533
富城华庭,增城,荔城增江,在售,9500,3室,127.5,"低单价, 低总价, 车位充足, 人车分流",127.0,9.159047077588632,4.844187086458591,4.848116364598481
中铁诺德·阅泷,白云,江高镇,在售,18000,3室,104.0,"低单价, 低总价, 车位充足, 人车分流",196.0,9.798127036878302,5.278114659230517,4.6443908991413725
品实·云湖花城,白云,石井,在售,33000,4室,105.5,"低总价, 绿化率高, 人车分流, 国央企",346.0,10.404262840448617,5.846438775057725,4.658710952916121
港航中心,黄埔,鱼珠,在售,40000,2室,99.0,"绿化率高, 人车分流, 国央企, 品牌房企",445.5,10.596634733096073,6.099197246910864,4.59511985013459
时代印记,黄埔,知识城,在售,18000,4室,111.5,"低单价, 低总价, 绿化率高, 人车分流",200.0,9.798127036878302,5.298317366548036,4.7140245909001735
珠光金融城壹号,天河,东圃,在售,5000,4室,246.5,"低单价, 车位充足, 人车分流, 品牌房企",3850.0,8.517193191416238,8.25582842728183,5.5073619934827445
凯德凯荔花园,增城,荔城西区,在售,15500,4室,110.0,"车位充足, 人车分流, 品牌房企, 健身跑道",182.5,9.648595302907339,5.206750173022546,4.700480365792417
越秀逸泉锦翠,从化,江浦街,在售,9500,4室,81.5,"低单价, 低总价, 绿化率高, 人车分流",92.0,9.159047077588632,4.5217885770490405,4.400603020246817
中国铁建海语熙岸,南沙,南沙区府,在售,30000,4室,174.5,"车位充足, 绿化率高, 国央企, 品牌房企",499.0,10.308952660644293,6.212606095751519,5.161924741642482
富力新城,黄埔,开发东区,在售,25000,3室,96.5,"低单价, 低总价, 绿化率高, 人车分流",240.0,10.126631103850338,5.480638923341991,4.56954300834494
天河云商汇,天河,智慧城,在售,29000,2室,45.0,"低总价, 人车分流, 封闭管理, 自持商业",210.0,10.275051108968611,5.3471075307174685,3.8066624897703196
加富花园,番禺,石碁,在售,22000,2室,84.5,"低单价, 低总价, 低密居所, 人车分流",224.0,9.998797732340453,5.4116460518550396,4.436751534363128
龙光天瀛,番禺,市桥,在售,26000,3室,132.0,"低单价, 低总价, 车位充足, 绿化率高",569.0,10.165851817003619,6.343880434126331,4.882801922586371
远洋芙蓉墅,花都,狮岭镇,在售,10000,1室,104.0,"低单价, 低总价, 车位充足, 绿化率高",59.0,9.210340371976184,4.07753744390572,4.6443908991413725
天颐华府,番禺,市桥北,在售,65000,4室,262.0,"车位充足, 绿化率高, 养老舒适, 休闲会所",2000.0,11.082142548877775,7.600902459542082,5.568344503761097
广州院子,增城,荔城增江,在售,7800,4室,117.5,"低单价, 低总价, 车位充足, 人车分流",96.0,8.961879012677683,4.564348191467836,4.7664383335842135
时代倾城（中新）,增城,中新镇,在售,13000,3室,107.5,"低单价, 人车分流, 大型社区, 品牌房企",130.5,9.472704636443673,4.871373226762748,4.677490847567717
电建地产·洺悦玉府,番禺,市桥,在售,22000,4室,115.0,"低单价, 低总价, 车位充足, 人车分流",252.5,9.998797732340453,5.531411248715415,4.74493212836325
五矿壹云台,黄埔,科学城,在售,34000,4室,122.5,"车位充足, 绿化率高, 国央企, 品牌房企",460.0,10.4341158035983,6.131226489483141,4.808111029984782
广州万科城,增城,永宁,在售,10000,4室,89.0,"低单价, 低总价, 车位充足, 人车分流",104.5,9.210340371976184,4.6491870714048655,4.48863636973214
凯德山海连城二期,番禺,莲花山,在售,24000,4室,148.0,"低单价, 低总价, 车位充足, 绿化率高",657.5,10.085809109330082,6.48844476405192,4.997212273764115
星河东悦湾,南沙,黄阁,在售,32000,4室,146.5,"特价好房, 车位充足, 人车分流, 品牌房企",556.0,10.373491181781864,6.320768294250582,4.987025428457122
金湖花园,白云,沙太北,在售,45000,4室,120.5,"绿化率高, 低密居所, 置换改善, 养老舒适",555.0,10.714417768752456,6.318968113746434,4.791649752930709
合锦嘉泓·天宇花园,南沙,金洲,在售,17000,4室,152.5,"低单价, 低总价, 车位充足, 人车分流",210.0,9.740968623038354,5.3471075307174685,5.0271645960474665
中交汇通中心,南沙,明珠湾,在售,23000,4室,108.0,"人车分流, 大型社区, 国央企, 品牌房企",400.0,10.043249494911286,5.991464547107982,4.68213122712422
信达·珺悦蓝庭,花都,炭步,在售,11000,4室,95.5,"低单价, 低总价, 车位充足, 人车分流",99.0,9.305650551780507,4.59511985013459,4.5591262474866845
增城中国铁建国际公馆,增城,中新镇,在售,11500,4室,111.0,"低单价, 低总价, 车位充足, 人车分流",189.0,9.350102314351341,5.241747015059643,4.709530201312334
越秀华发·悦见星城,增城,中新镇,在售,7200,4室,89.5,"低单价, 低总价, 车位充足, 人车分流",70.5,8.881836305004146,4.255612709818223,4.4942386252808095
珠江·花屿花城,增城,永宁,在售,11000,4室,87.5,"低单价, 低总价, 车位充足, 人车分流",105.5,9.305650551780507,4.658710952916121,4.471638793363569
御溪世家,增城,中新镇,在售,13000,2室,86.0,"低单价, 低总价, 车位充足, 人车分流",100.0,9.472704636443673,4.605170185988092,4.454347296253507
兰亭香麓,增城,荔城富鹏,在售,11800,3室,99.5,"低单价, 低总价, 车位充足, 人车分流",140.0,9.375854810453756,4.941642422609304,4.600157644164547
东建·明德城,禅城,祖庙,在售,22500,4室,128.0,"佛山楼盘, 人车分流, 大型社区, 品牌房企",370.0,10.021270588192511,5.91350300563827,4.852030263919617
滨江金茂悦,南海,罗村,在售,11000,4室,115.5,"佛山楼盘, 特价好房, 低单价, 绿化率高",207.5,9.305650551780507,5.335131339670753,4.749270529961848
佳兆业·广雅院,南海,平洲,在售,20000,4室,104.5,"佛山楼盘, 人车分流, 大型社区, 品牌房企",240.0,9.903487552536127,5.480638923341991,4.6491870714048655
经纬凯旋世家,鹤山市,鹤山市,在售,6500,4室,115.0,"楼盘, 人车分流, 大型社区, 公交直达",81.5,8.779557455883728,4.400603020246817,4.74493212836325
轩隆雅园,三水,北江新区,在售,9800,2室,99.0,"佛山楼盘, 特价好房, 低总价, 人车分流",97.5,9.190137664658664,4.579852378003801,4.59511985013459
五矿万境水岸,顺德,大良新区,在售,18500,4室,167.5,"佛山楼盘, 车位充足, 绿化率高, 国央企",440.0,9.825526011066415,6.0867747269123065,5.120983351265121
保利中海金地·大国璟,增城,荔城西区,待售,22000,4室,108.0,"车位充足, 人车分流, 国央企, 品牌房企",100.0,9.998797732340453,4.605170185988092,4.68213122712422
卓越晴翠府,番禺,桥南,在售,28000,3室,103.0,"低单价, 低总价, 车位充足, 人车分流",292.5,10.239959789157341,5.678464666671911,4.634728988229636
保利锦绣公馆,白云,南湖,待售,21000,4室,41.5,"绿化率高, 人车分流, 国央企, 品牌房企",90.0,9.95227771670556,4.499809670330265,3.7256934272366524
招商电建南国·雍云邸,白云,石井,在售,25000,4室,83.5,"低单价, 绿化率高, 人车分流, 国央企",210.0,10.126631103850338,5.3471075307174685,4.42484663185681
耀胜新世界广场·耀胜尊府,番禺,汉溪长隆,在售,65000,4室,104.5,"特价好房, 车位充足, 人车分流, 品牌房企",615.0,11.082142548877775,6.421622267806518,4.6491870714048655
首铸·铂瑞云湾,番禺,石楼,在售,24000,4室,120.0,"低单价, 低总价, 车位充足, 绿化率高",345.0,10.085809109330082,5.84354441703136,4.787491742782046
越秀星耀TOD,增城,新塘北,在售,20000,4室,112.5,"车位充足, 人车分流, 近地铁, 地铁沿线",225.0,9.903487552536127,5.41610040220442,4.722953221644475
广州城投·禧悦府,增城,凤凰城,在售,21000,3室,117.5,"车位充足, 人车分流, 国央企, 品牌房企",337.5,9.95227771670556,5.821565510312585,4.7664383335842135
华润置地金沙瑞府,白云,金沙洲,在售,35000,4室,143.0,"绿化率高, 低密居所, 国央企, 置换改善",495.0,10.46310334047155,6.20455776256869,4.962844630259907
建发明珠湾玺,南沙,明珠湾,在售,31000,4室,115.0,"车位充足, 人车分流, 国央企, 品牌房企",450.0,10.341742483467284,6.1092475827643655,4.74493212836325
深业颐泽府,南沙,明珠湾,在售,37000,4室,180.0,"特价好房, 车位充足, 绿化率高, 国央企",670.0,10.51867319162636,6.507277712385012,5.19295685089021
华宇·锦绣云赋,从化,旧城区,在售,15000,4室,92.5,"绿化率高, 人车分流, 品牌房企, 水系园林",136.5,9.615805480084347,4.916324614625014,4.52720864451838
金地·云上,增城,中新镇,在售,11000,2室,82.0,"低单价, 低总价, 人车分流, 大型社区",112.5,9.305650551780507,4.722953221644475,4.406719247264253
悦辰壹号,黄埔,知识城,在售,24000,4室,128.5,"低单价, 低总价, 车位充足, 人车分流",255.0,10.085809109330082,5.541263545158426,4.855928904335275
国科众安江屿大观,番禺,市桥,在售,16800,3室,117.0,"车位充足, 人车分流, 品牌房企, 公交直达",332.5,9.72913416539135,5.806639860095909,4.762173934797756
振业学府里,增城,白江,在售,13500,4室,91.0,"低总价, 人车分流, 小型社区, 国央企",127.5,9.51044496442652,4.848116364598481,4.51085950651685
越秀联投知识城·居山涧,黄埔,知识城,在售,46000,4室,165.0,"绿化率高, 低密居所, 国央企, 置换改善",850.0,10.736396675471232,6.745236349484363,5.10594547390058
中洲紫轩,黄埔,鱼珠,在售,50000,4室,126.0,"车位充足, 人车分流, 品牌房企, 近地铁",685.0,10.819778284410283,6.529418838262226,4.836281906951478
万科黄埔新城,黄埔,南岗,在售,33000,4室,109.0,"低总价, 绿化率高, 人车分流, 国央企",367.5,10.404262840448617,5.906723318652891,4.6913478822291435
广州城投领南府,番禺,广州南站,在售,32000,2室,120.5,"低总价, 车位充足, 绿化率高, 国央企",402.0,10.373491181781864,5.996452088619021,4.791649752930709
云裳峯尚,白云,同和,在售,55000,4室,105.5,"车位充足, 人车分流, 品牌房企, 休闲会所",681.0,10.915088464214607,6.523562306149512,4.658710952916121
金科景业·雍景园,增城,中新镇,待售,24500,1室,61.0,"低总价, 车位充足, 人车分流, 品牌房企",97.5,10.106428396532818,4.579852378003801,4.110873864173311
保利天汇,天河,黄村,在售,55000,1室,112.0,"车位充足, 人车分流, 国央企, 品牌房企",616.0,10.915088464214607,6.423246963533519,4.718498871295094
越秀·大学·星汇城,番禺,国际创新城,在售,38000,4室,106.5,"低总价, 车位充足, 绿化率高, 国央企",437.5,10.545341438708522,6.081076705797669,4.66814498514948
保利珑悦,增城,永宁,在售,12000,2室,91.0,"低单价, 低总价, 车位充足, 人车分流",113.5,9.392661928770137,4.7318028369214575,4.51085950651685
飞晟汇,黄埔,香雪,在售,21800,3室,435.0,"车位充足, 近地铁, 地铁沿线, loft",1003.5,9.98966524877718,6.911249168236393,6.075346031088684
路劲星棠,增城,白江,在售,16000,3室,86.5,"车位充足, 人车分流, 品牌房企, 地铁沿线",139.0,9.680344001221918,4.9344739331306915,4.460144413937834
知识城投资嘉达·山与墅,黄埔,知识城,在售,45000,4室,170.5,"车位充足, 绿化率高, 国央企, 置换改善",750.0,10.714417768752456,6.620073206530356,5.1387352967235715
远洋天成,增城,新塘北,在售,16500,4室,88.0,"人车分流, 小型社区, 国央企, 地铁沿线",149.0,9.711115659888671,5.003946305945459,4.477336814478207
广晟中国铁建花语天珹,花都,花城街,在售,21000,3室,138.0,"车位充足, 绿化率高, 国央企, 品牌房企",320.0,9.95227771670556,5.768320995793772,4.927253685157205
金地商置都会峯范,花都,铁路西,在售,16500,2室,103.0,"低总价, 车位充足, 人车分流, 品牌房企",180.0,9.711115659888671,5.19295685089021,4.634728988229636
中建凤榕台,增城,朱村,在售,23000,4室,85.0,"人车分流, 大型社区, 国央企, 品牌房企",195.0,10.043249494911286,5.272999558563747,4.442651256490317
中铁建信达花语天宸,黄埔,科学城,在售,41000,4室,132.5,"车位充足, 人车分流, 国央企, 品牌房企",610.0,10.621327345686446,6.413458957167357,4.886582645426277
中盛顺和家园,增城,荔城增江,在售,12000,4室,113.0,"低单价, 低总价, 车位充足, 人车分流",160.0,9.392661928770137,5.075173815233827,4.727387818712341
中旅名门府,花都,镜湖大道,在售,18500,2室,98.0,"低总价, 车位充足, 绿化率高, 国央企",200.0,9.825526011066415,5.298317366548036,4.584967478670572
中海保利朗阅,荔湾,西朗,在售,50000,3室,140.0,"车位充足, 绿化率高, 国央企, 品牌房企",770.0,10.819778284410283,6.646390514847729,4.941642422609304
珠江未来城,番禺,莲花山,在售,11000,2室,52.0,"低单价, 低总价, 绿化率高, 人车分流",67.5,9.305650551780507,4.212127597878484,3.9512437185814275
星河畔月湾,南沙,横沥,在售,20000,4室,103.0,"低单价, 低总价, 车位充足, 绿化率高",210.0,9.903487552536127,5.3471075307174685,4.634728988229636
振业天成,黄埔,科学城,在售,39000,4室,136.0,"车位充足, 绿化率高, 国央企, 品牌房企",649.0,10.571316925111784,6.47543271670409,4.912654885736052
绿城桂语汀澜,南沙,明珠湾,在售,28000,4室,119.5,"车位充足, 绿化率高, 国央企, 品牌房企",333.0,10.239959789157341,5.808142489980444,4.783316371371566
招商湾区1872,南沙,东涌,在售,22000,4室,92.0,"低单价, 低总价, 车位充足, 人车分流",200.0,9.998797732340453,5.298317366548036,4.5217885770490405
海语天悦湾,南沙,明珠湾,在售,28000,2室,111.0,"车位充足, 绿化率高, 国央企, 品牌房企",345.0,10.239959789157341,5.84354441703136,4.709530201312334
国贸学原,增城,荔城西区,在售,12600,3室,102.0,"低单价, 低总价, 人车分流, 大型社区",134.0,9.441452092939569,4.897839799950911,4.624972813284271
公交珠实花城云著,白云,夏茅,在售,35000,4室,78.0,"低总价, 车位充足, 人车分流, 国央企",284.5,10.46310334047155,5.6507332535663855,4.356708826689592
中海江泰里,海珠,江燕路,在售,65000,4室,90.0,"绿化率高, 人车分流, 国央企, 品牌房企",625.0,11.082142548877775,6.437751649736401,4.499809670330265
保利水木芳华,增城,朱村,在售,12000,2室,85.0,"低单价, 低总价, 人车分流, 大型社区",132.0,9.392661928770137,4.882801922586371,4.442651256490317
保利领秀海,番禺,莲花山,在售,22000,4室,116.5,"低单价, 低总价, 绿化率高, 人车分流",300.0,9.998797732340453,5.703782474656201,4.757891273005756
云麓花城,白云,太和,在售,23000,4室,82.0,"低单价, 低总价, 车位充足, 人车分流",197.0,10.043249494911286,5.2832037287379885,4.406719247264253
电建都汇府,花都,新区,在售,36000,4室,155.0,"车位充足, 人车分流, 国央企, 品牌房企",580.0,10.491274217438248,6.363028103540465,5.043425116919247
金地公园名著,增城,永宁,在售,11000,2室,87.5,"低单价, 低总价, 车位充足, 人车分流",87.5,9.305650551780507,4.471638793363569,4.471638793363569
中洲紫轩,黄埔,鱼珠,待售,35000,4室,78.0,"低总价, 车位充足, 人车分流, 品牌房企",353.0,10.46310334047155,5.8664680569332965,4.356708826689592
广垦天河1号,天河,沙太南,在售,30000,2室,40.0,"低总价, 人车分流, 封闭管理, 国央企",122.0,10.308952660644293,4.804021044733257,3.6888794541139363
越秀星耀TOD,增城,新塘北,在售,16000,2室,50.5,"人车分流, 大型社区, 近地铁, 地铁沿线",81.0,9.680344001221918,4.394449154672439,3.9219733362813143
珠光海珠新城,海珠,南洲,在售,55000,4室,162.5,"车位充足, 绿化率高, 多轨交汇, 地铁沿线",1387.5,10.915088464214607,7.2352588456205895,5.090678001769792
龙狮璟珑府,黄埔,知识城,在售,23000,4室,129.5,"低单价, 低总价, 绿化率高, 低密居所",325.0,10.043249494911286,5.783825182329737,4.863680881139593
广州城投·空港1号,花都,镜湖大道,在售,20000,4室,95.5,"车位充足, 绿化率高, 国央企, 品牌房企",230.0,9.903487552536127,5.438079308923196,4.5591262474866845
珠江广钢花城,荔湾,东塱,在售,35000,4室,90.5,"低总价, 绿化率高, 国央企, 品牌房企",385.0,10.46310334047155,5.953243334287785,4.505349850705881
珠江·金瑶台,海珠,昌岗,在售,50000,2室,91.0,"特价好房, 绿化率高, 人车分流, 国央企",455.0,10.819778284410283,6.12029741895095,4.51085950651685
富好城繁华里,增城,新塘北,在售,12000,3室,93.0,"低单价, 低总价, 人车分流, 大型社区",115.0,9.392661928770137,4.74493212836325,4.532599493153256
天地源伴山溪谷,番禺,石楼,在售,22000,2室,93.0,"低单价, 低总价, 车位充足, 绿化率高",203.0,9.998797732340453,5.313205979041787,4.532599493153256
广开控股城投云锦,黄埔,长岭居,在售,45000,4室,155.0,"车位充足, 人车分流, 国央企, 品牌房企",710.0,10.714417768752456,6.565264970035361,5.043425116919247
御璟兰园,南沙,明珠湾,在售,30000,5室,111.5,"低总价, 车位充足, 人车分流, 国央企",445.0,10.308952660644293,6.09807428216624,4.7140245909001735
合生中央城（商业）,黄埔,香雪,在售,60000,1室,46.0,"人车分流, 大型社区, 休闲会所, 自持商业",240.0,11.002099841204238,5.480638923341991,3.828641396489095
星河江堤春晓,南沙,明珠湾,在售,33000,4室,116.0,"车位充足, 人车分流, 品牌房企, 自持商业",350.0,10.404262840448617,5.857933154483459,4.7535901911063645
科苑壹号,南沙,南沙湾,在售,24000,4室,145.5,"车位充足, 绿化率高, 国央企, 品牌房企",490.0,10.085809109330082,6.194405391104672,4.980176086611547
越秀江海潮鸣,南沙,明珠湾,在售,28000,2室,118.0,"车位充足, 人车分流, 国央企, 品牌房企",410.5,10.239959789157341,6.017375928892483,4.770684624465665
越秀大学城和樾府,番禺,国际创新城,在售,50000,4室,135.0,"特价好房, 车位充足, 绿化率高, 国央企",652.5,10.819778284410283,6.480811139196849,4.90527477843843
越秀白云星汇城,白云,钟落潭,在售,18000,4室,95.0,"低单价, 低总价, 绿化率高, 人车分流",228.0,9.798127036878302,5.429345628954441,4.553876891600541
力迅荔筑,荔湾,西场,在售,59000,4室,99.5,"人车分流, 小型社区, 品牌房企, 近地铁",605.0,10.985292722887856,6.405228458030842,4.600157644164547
保利越秀·天启,荔湾,鹤洞,在售,25000,2室,47.0,"低总价, 人车分流, 封闭管理, 国央企",130.0,10.126631103850338,4.867534450455582,3.8501476017100584
香江天辰,增城,凤凰城,在售,13000,4室,90.5,"低单价, 低总价, 车位充足, 封闭管理",135.0,9.472704636443673,4.90527477843843,4.505349850705881
保利明玥湖光,增城,增城碧桂园,在售,17000,2室,102.5,"车位充足, 人车分流, 国央企, 品牌房企",174.0,9.740968623038354,5.159055299214529,4.629862798578463
中铁阅江来,南沙,南沙区府,在售,17000,2室,107.0,"特价好房, 低单价, 人车分流, 封闭管理",245.0,9.740968623038354,5.501258210544727,4.672828834461906
中国铁建西派澜岸,南沙,明珠湾,在售,30000,3室,183.0,"绿色建筑, 车位充足, 国央企, 品牌房企",450.0,10.308952660644293,6.1092475827643655,5.209486152841421
云城上品,白云,嘉禾望岗,在售,37000,3室,88.5,"低总价, 车位充足, 绿化率高, 国央企",315.0,10.51867319162636,5.752572638825633,4.483002552013883
珠实云悦花语,白云,钟落潭,在售,15000,4室,84.0,"低单价, 低总价, 车位充足, 绿化率高",145.0,9.615805480084347,4.976733742420574,4.430816798843313
诚汇新都·榕诚湾,荔湾,汾水,在售,35000,4室,125.0,"低总价, 绿化率高, 人车分流, 品牌房企",670.0,10.46310334047155,6.507277712385012,4.8283137373023015
东江逸珑湾,增城,新塘南,在售,17000,4室,108.0,"低单价, 人车分流, 大型社区, 品牌房企",200.0,9.740968623038354,5.298317366548036,4.68213122712422
中海麓府,白云,江夏,在售,56000,4室,148.0,"车位充足, 人车分流, 国央企, 品牌房企",920.0,10.933106969717286,6.824373670043086,4.997212273764115
祈福半山臻品,番禺,祈福新村,在售,30000,3室,113.5,"低单价, 低总价, 车位充足, 绿化率高",363.5,10.308952660644293,5.895779296973574,4.7318028369214575
岭南V谷荔湾新天地,荔湾,广钢新城,在售,28000,3室,53.0,"低总价, 车位充足, 绿化率高, 国央企",180.0,10.239959789157341,5.19295685089021,3.970291913552122
越秀公交天悦云山府,白云,东平,在售,32000,4室,123.0,"低总价, 车位充足, 人车分流, 国央企",535.0,10.373491181781864,6.282266746896006,4.812184355372417
布查特官邸情景洋房,番禺,汉溪长隆,在售,28000,2室,85.5,"低单价, 低总价, 绿化率高, 低密居所",252.5,10.239959789157341,5.531411248715415,4.448516375942715
玖玥,花都,铁路西,在售,11800,3室,112.0,"低单价, 低总价, 车位充足, 绿化率高",145.5,9.375854810453756,4.980176086611547,4.718498871295094
保利锦上,黄埔,香雪,在售,29000,3室,105.0,"低总价, 车位充足, 绿化率高, 国央企",302.5,10.275051108968611,5.7120812774708964,4.653960350157523
大华城东瀚,增城,朱村,在售,13000,3室,80.5,"低单价, 低总价, 车位充足, 人车分流",125.0,9.472704636443673,4.8283137373023015,4.388257184424518
保利和悦滨江,荔湾,西朗,在售,45000,4室,90.5,"低总价, 绿化率高, 人车分流, 国央企",360.0,10.714417768752456,5.886104031450156,4.505349850705881
星河湾萝峰,黄埔,香雪,在售,38000,4室,197.5,"车位充足, 绿化率高, 品牌房企, 入户花园",1015.0,10.545341438708522,6.922643891475888,5.285738584341177
新鸿基地产峻銮,番禺,广州南站,在售,45000,4室,115.0,"车位充足, 绿化率高, 品牌房企, 近地铁",593.0,10.714417768752456,6.385194398997726,4.74493212836325
富丰华庭,增城,朱村,在售,13000,2室,103.5,"低单价, 低总价, 车位充足, 人车分流",134.0,9.472704636443673,4.897839799950911,4.639571612705423
长岭雅居,黄埔,长岭居,在售,46000,4室,175.0,"车位充足, 绿化率高, 国央企, 品牌房企",747.5,10.736396675471232,6.616734305264841,5.1647859739235145
珠实·嘉悦湾,白云,同德围,在售,38000,4室,100.5,"低总价, 车位充足, 人车分流, 国央企",385.0,10.545341438708522,5.953243334287785,4.61015772749913
星晴雅筑,番禺,市桥北,在售,31000,2室,91.0,"低总价, 人车分流, 小型社区, 地铁沿线",282.0,10.341742483467284,5.641907070938114,4.51085950651685
世纪金源天河源筑,天河,粤垦,在售,61888,4室,137.5,"车位充足, 绿化率高, 品牌房企, 地铁沿线",957.5,11.033081578812967,6.864325721054801,4.923623917106626
越秀滨海花城,南沙,南沙区府,在售,15000,3室,86.0,"低单价, 低总价, 车位充足, 人车分流",118.5,9.615805480084347,4.774912960575186,4.454347296253507
中国铁建翰林新语,增城,新塘北,在售,18000,2室,83.5,"车位充足, 人车分流, 国央企, 品牌房企",155.0,9.798127036878302,5.043425116919247,4.42484663185681
联投·文津府,天河,黄村,在售,58000,4室,138.0,"车位充足, 绿化率高, 国央企, 品牌房企",840.0,10.968198289528557,6.733401891837359,4.927253685157205
万科·理想花地·瑧园,荔湾,花地湾,在售,54000,4室,148.0,"车位充足, 人车分流, 国央企, 品牌房企",805.0,10.896739325546411,6.690842277418564,4.997212273764115
万科·理想花地·朗庭,荔湾,花地湾,在售,47000,2室,103.5,"人车分流, 封闭管理, 国央企, 品牌房企",480.0,10.757902880692196,6.173786103901937,4.639571612705423
智联花园,番禺,莲花山,在售,30000,4室,108.0,"车位充足, 人车分流, 国央企, 品牌房企",3000.0,10.308952660644293,8.006367567650246,4.68213122712422
仟信广场,从化,河滨北路,在售,8000,1室,51.0,"低单价, 低总价, 车位充足, 绿化率高",45.0,8.987196820661973,3.8066624897703196,3.9318256327243257
中建天河精诚壹号,天河,岑村,在售,52000,3室,98.0,"特价好房, 绿化率高, 人车分流, 国央企",570.0,10.858998997563564,6.345636360828596,4.584967478670572
中国铁建西派粤府,海珠,沥滘,在售,65000,4室,130.0,"车位充足, 绿化率高, 国央企, 品牌房企",990.0,11.082142548877775,6.897704943128636,4.867534450455582
云平上品,白云,东平,在售,55000,4室,150.0,"车位充足, 绿化率高, 国央企, 品牌房企",820.0,10.915088464214607,6.709304340258298,5.0106352940962555
越秀大学星汇锦城,番禺,南村,在售,30000,4室,98.0,"低单价, 低总价, 绿化率高, 人车分流",310.0,10.308952660644293,5.736572297479192,4.584967478670572
珠江国际城,从化,神岗镇,在售,19000,1室,39.5,"人车分流, 大型社区, 品牌房企, 近地铁",110.0,9.852194258148577,4.700480365792417,3.676300671907076
保利瑧誉,荔湾,坑口,在售,55000,4室,129.0,"绿化率高, 人车分流, 国央企, 品牌房企",735.0,10.915088464214607,6.5998704992128365,4.859812404361672
品秀·星瀚,番禺,广州南站,在售,30000,4室,108.0,"低总价, 车位充足, 人车分流, 国央企",80.0,10.308952660644293,4.382026634673881,4.68213122712422
龙湖御湖境,番禺,大石,在售,42000,4室,160.5,"车位充足, 绿化率高, 品牌房企, 地铁沿线",684.0,10.645424897265505,6.52795791762255,5.07829394257007
保利锦上,黄埔,香雪,在售,35000,4室,79.0,"车位充足, 人车分流, 国央企, 品牌房企",190.0,10.46310334047155,5.247024072160486,4.3694478524670215
上馨华府,番禺,大石,在售,28000,4室,108.0,"低单价, 低总价, 绿化率高, 低密居所",260.0,10.239959789157341,5.560681631015528,4.68213122712422
长隆万博悦府,番禺,汉溪长隆,在售,65000,4室,204.0,"特价好房, 车位充足, 绿化率高, 国央企",1465.0,11.082142548877775,7.289610521451167,5.318119993844216
东基天河阳光,天河,黄村,在售,38000,4室,108.0,"低总价, 人车分流, 小型社区, 品牌房企",120.0,10.545341438708522,4.787491742782046,4.68213122712422
江语上品苑,白云,石井,在售,45000,4室,222.0,"车位充足, 人车分流, 国央企, 品牌房企",1535.0,10.714417768752456,7.336285660021297,5.402677381872279
华润置地天河润府,天河,黄村,在售,60000,4室,105.5,"优惠楼盘, 车位充足, 绿化率高, 国央企",605.0,11.002099841204238,6.405228458030842,4.658710952916121
佳兆业佳泽园,增城,荔城西区,在售,18500,4室,108.0,"低单价, 车位充足, 人车分流, 品牌房企",130.0,9.825526011066415,4.867534450455582,4.68213122712422
保利水木芳华,增城,朱村,待售,25000,4室,108.0,"人车分流, 小型社区, 国央企, 品牌房企",130.0,10.126631103850338,4.867534450455582,4.68213122712422
铂玥明珠ONE,南沙,明珠湾,在售,14000,2室,62.0,"车位充足, 人车分流, 品牌房企, 近地铁",105.5,9.546812608597396,4.658710952916121,4.127134385045092
中海浣花里,荔湾,坑口,在售,46000,4室,89.5,"人车分流, 小型社区, 国央企, 品牌房企",400.0,10.736396675471232,5.991464547107982,4.4942386252808095
武汉城建·保利·花语和岸,荔湾,芳村,在售,51000,4室,114.0,"绿化率高, 人车分流, 品牌房企, 近地铁",590.0,10.839580911706463,6.380122536899765,4.736198448394496
保利琅誉,番禺,番禺客运站,在售,38000,2室,112.0,"低总价, 车位充足, 绿化率高, 国央企",410.0,10.545341438708522,6.016157159698354,4.718498871295094
路劲美的隽樾府,番禺,番禺广场,在售,38000,3室,109.5,"车位充足, 人车分流, 品牌房企, 近地铁",470.0,10.545341438708522,6.152732694704104,4.695924549256556
明月豪庭,越秀,西门口,在售,28000,2室,75.5,"小型社区, 近地铁, 地铁沿线, 大两居",321.0,10.239959789157341,5.771441123130016,4.324132656254979
保利和颂,荔湾,坑口,在售,46000,2室,85.5,"低总价, 人车分流, 小型社区, 国央企",419.5,10.736396675471232,6.0390635259072605,4.448516375942715
国贸云上,白云,嘉禾望岗,在售,50000,4室,114.0,"绿化率高, 人车分流, 国央企, 品牌房企",502.5,10.819778284410283,6.219595639933231,4.736198448394496
星河智荟二期,南沙,明珠湾,在售,20000,3室,135.5,"低单价, 低总价, 绿化率高, 人车分流",400.0,9.903487552536127,5.991464547107982,4.908971640319756
建发明珠湾玺,南沙,明珠湾,在售,19500,4室,108.0,"人车分流, 封闭管理, 国央企, 品牌房企",70.0,9.878169744551839,4.248495242049359,4.68213122712422
建发明珠湾玺,南沙,明珠湾,在售,19500,0室,54.0,"低总价, 人车分流, 封闭管理, 国央企",100.0,9.878169744551839,4.605170185988092,3.9889840465642745
金海岸花园观海,番禺,番禺客运站,在售,50000,4室,269.0,"绿化率高, 大平层, 动静分明, 现房",1360.0,10.819778284410283,7.215239978730097,5.594711379601839
高新仕林苑,黄埔,长岭居,在售,35000,4室,140.0,"车位充足, 绿化率高, 国央企, 品牌房企",540.0,10.46310334047155,6.29156913955832,4.941642422609304
粤海·云港城,白云,白云大道南,在售,40000,4室,138.5,"人车分流, 大型社区, 国央企, 品牌房企",620.0,10.596634733096073,6.429719478039138,4.930870325627393
城投天禧,天河,智慧城,在售,43000,4室,123.0,"车位充足, 绿化率高, 国央企, 品牌房企",550.0,10.668955394675699,6.309918278226516,4.812184355372417
新世界·天馥,荔湾,滘口,在售,41000,4室,107.5,"低总价, 绿色建筑, 人车分流, 品牌房企",457.5,10.621327345686446,6.125776884715576,4.677490847567717
广开云汇科技金融中心,黄埔,科学城,在售,28000,2室,81.5,"人车分流, 大型社区, 国央企, 品牌房企",222.5,10.239959789157341,5.404927101606295,4.400603020246817
中海天幕湾,番禺,亚运城,在售,36000,4室,208.5,"车位充足, 人车分流, 国央企, 品牌房企",850.0,10.491274217438248,6.745236349484363,5.339939041238856
云筑上品,白云,夏茅,在售,43000,4室,115.0,"车位充足, 绿化率高, 国央企, 品牌房企",510.0,10.668955394675699,6.234410725718371,4.74493212836325
首开保利.云湖壹号,白云,夏茅,在售,47000,1室,30.0,"低总价, 车位充足, 人车分流, 国央企",140.0,10.757902880692196,4.941642422609304,3.4011973816621555
晟云台,白云,龙归,在售,35000,4室,108.0,"低总价, 车位充足, 人车分流, 地铁沿线",2200.0,10.46310334047155,7.696212639346407,4.68213122712422
保利云境,白云,黄石,在售,36000,2室,89.0,"低总价, 绿化率高, 人车分流, 国央企",280.0,10.491274217438248,5.634789603169249,4.48863636973214
越秀珠实天悦海湾,南沙,南沙港,在售,10000,4室,108.0,"低总价, 车位充足, 人车分流, 国央企",45.0,9.210340371976184,3.8066624897703196,4.68213122712422
广州白云站TOD粤胜广场,白云,同德围,在售,30000,1室,2439.0,"低总价, 车位充足, 人车分流, 国央企",7804.8,10.308952660644293,8.962494208021601,7.79934339821592
明月豪庭,越秀,西门口,在售,28000,2室,87.0,"小型社区, 近地铁, 地铁沿线, 大两居",321.0,10.239959789157341,5.771441123130016,4.465908118654584
绿城·揽江印月,番禺,市桥,在售,29000,4室,145.0,"低单价, 低总价, 车位充足, 绿化率高",345.0,10.275051108968611,5.84354441703136,4.976733742420574
保利琶洲四季,海珠,琶洲东,在售,40000,3室,117.0,"人车分流, 封闭管理, 国央企, 品牌房企",540.0,10.596634733096073,6.29156913955832,4.762173934797756
致景轩,海珠,广州大道南,在售,52000,2室,94.0,"车位充足, 人车分流, 地铁沿线, 公交直达",497.5,10.858998997563564,6.209595556598647,4.543294782270004
珺筑水岸,南沙,万顷沙,在售,17000,4室,147.0,"低单价, 低总价, 车位充足, 人车分流",247.5,9.740968623038354,5.511410582008745,4.990432586778736
保利燕语堂悦,海珠,江燕路,在售,61000,4室,101.5,"车位充足, 绿化率高, 国央企, 品牌房企",615.0,11.018629143155449,6.421622267806518,4.620058798481842
能建天河麓誉府,天河,高唐,在售,42000,4室,102.5,"车位充足, 绿化率高, 国央企, 品牌房企",480.0,10.645424897265505,6.173786103901937,4.629862798578463
保利滨江和著,番禺,大石,在售,39000,4室,114.0,"低总价, 车位充足, 绿化率高, 国央企",500.0,10.571316925111784,6.214608098422191,4.736198448394496
西派尊府,南沙,明珠湾,在售,50000,4室,324.0,"车位充足, 人车分流, 国央企, 品牌房企",1500.0,10.819778284410283,7.313220387090301,5.780743515792329
保利琅悦,花都,旧区,在售,24000,4室,137.5,"车位充足, 绿化率高, 国央企, 品牌房企",300.0,10.085809109330082,5.703782474656201,4.923623917106626
星河盛世禧悦,黄埔,开发东区,在售,24000,4室,98.0,"低单价, 低总价, 车位充足, 绿化率高",240.0,10.085809109330082,5.480638923341991,4.584967478670572
中旅·阿那亚·九龙湖,花都,北兴镇,在售,23000,4室,477.5,"绿化率高, 低密居所, 国央企, 置换改善",1125.0,10.043249494911286,7.025538314638521,6.168564159920785
城投湖山雅筑,花都,新区,在售,23000,4室,113.5,"车位充足, 绿化率高, 国央企, 品牌房企",272.5,10.043249494911286,5.607638614103299,4.7318028369214575
知城翰林湖畔花园,黄埔,知识城,在售,18000,4室,84.5,"低单价, 低总价, 绿化率高, 人车分流",162.5,9.798127036878302,5.090678001769792,4.436751534363128
越秀万博城,番禺,汉溪长隆,在售,51000,4室,145.5,"车位充足, 绿化率高, 国央企, 品牌房企",815.0,10.839580911706463,6.703188113240863,4.980176086611547
中国铁建花语上城,南沙,南沙区府,在售,28500,4室,119.0,"车位充足, 人车分流, 国央企, 品牌房企",347.5,10.257659366256743,5.850764665004847,4.77912349311153
越秀·大学城·和樾府·飞鸟集,番禺,国际创新城,在售,20000,1室,40.5,"车位充足, 人车分流, 国央企, 品牌房企",83.0,9.903487552536127,4.418840607796598,3.7013019741124933
中铁阅江来,南沙,南沙区府,待售,24000,1室,47.0,"低总价, 车位充足, 人车分流, 国央企",109.0,10.085809109330082,4.6913478822291435,3.8501476017100584
大湾区诺德云城,白云,同德围,在售,32000,2室,55.0,"低总价, 国央企, 品牌房企, 近地铁",164.5,10.373491181781864,5.1029105702054265,4.007333185232471
中建天钰,海珠,江燕路,在售,60000,4室,111.5,"车位充足, 绿化率高, 国央企, 品牌房企",658.0,11.002099841204238,6.489204931325317,4.7140245909001735
大壮名城,黄埔,科学城,在售,50000,3室,115.5,"特价好房, 车位充足, 绿化率高, 近地铁",655.0,10.819778284410283,6.484635235635252,4.749270529961848
中建未来方洲,黄埔,文冲,在售,42000,4室,110.5,"低总价, 车位充足, 绿化率高, 国央企",485.0,10.645424897265505,6.184148890937483,4.705015520957808
雍晟河滨广场,从化,新城片区,在售,15500,4室,78.0,"人车分流, 小型社区, 品牌房企, 地铁沿线",139.0,9.648595302907339,4.9344739331306915,4.356708826689592
智都绿城凤凰于飞,花都,新区,在售,23000,4室,126.0,"车位充足, 人车分流, 国央企, 品牌房企",299.5,10.043249494911286,5.702114417555504,4.836281906951478
广州城投禧悦时光,花都,镜湖大道,在售,17000,4室,98.0,"低总价, 车位充足, 绿化率高, 国央企",167.5,9.740968623038354,5.120983351265121,4.584967478670572
广地花园,番禺,星河湾,在售,40000,4室,108.0,"车位充足, 大型社区, 品牌房企, 地铁沿线",450.0,10.596634733096073,6.1092475827643655,4.68213122712422
广州城投禧悦府,增城,凤凰城,在售,38000,4室,108.0,"大型社区, 国央企, 品牌房企, 近地铁",240.0,10.545341438708522,5.480638923341991,4.68213122712422
中旅璞樾天序,花都,旧区,在售,19000,4室,104.0,"低总价, 人车分流, 大型社区, 国央企",191.5,9.852194258148577,5.2548878086207,4.6443908991413725
花都城投翰林世家,花都,花山镇,在售,18000,4室,151.0,"车位充足, 绿化率高, 国央企, 品牌房企",305.0,9.798127036878302,5.720311776607412,5.017279836814924
增江创业广场,增城,荔城增江,在售,7850,1室,40.0,"人车分流, 小型社区, 公交直达, 小户型",31.5,8.968268810776454,3.449987545831587,3.6888794541139363
广开·云翰,黄埔,知识城,在售,20000,3室,109.0,"低单价, 低总价, 车位充足, 绿化率高",235.0,9.903487552536127,5.459585514144159,4.6913478822291435
智都越秀臻智府,花都,镜湖大道,在售,16800,4室,93.0,"低总价, 车位充足, 绿化率高, 国央企",155.0,9.72913416539135,5.043425116919247,4.532599493153256
珠江壹城·禧悦花园,从化,神岗镇,在售,28000,1室,31.0,"车位充足, 人车分流, 品牌房企, 近地铁",62.0,10.239959789157341,4.127134385045092,3.4339872044851463
保利翔龙天汇,黄埔,科学城,在售,27000,4室,108.0,"车位充足, 人车分流, 国央企, 品牌房企",500.0,10.203592144986466,6.214608098422191,4.68213122712422
广州兰园江悦,荔湾,滘口,在售,60000,4室,239.0,"车位充足, 绿化率高, 品牌房企, 近地铁",1250.0,11.002099841204238,7.1308988302963465,5.476463551931511
越秀珑悦西关,荔湾,南岸路,在售,50000,2室,83.0,"人车分流, 小型社区, 国央企, 品牌房企",412.5,10.819778284410283,6.022236205774735,4.418840607796598
招商林屿境,南沙,明珠湾,待售,30000,4室,103.5,"人车分流, 封闭管理, 国央企, 品牌房企",295.0,10.308952660644293,5.68697535633982,4.639571612705423
中国美都,花都,镜湖大道,在售,10000,4室,1194.0,"车位充足, 品牌房企, 地铁沿线, 公交直达",1475.0,9.210340371976184,7.29641326877392,7.085064293952548
广州白云站.金街,白云,同德围,在售,55000,1室,60.0,"人车分流, 封闭管理, 国央企, 品牌房企",325.0,10.915088464214607,5.783825182329737,4.0943445622221
云瀚府,越秀,东川路,在售,43000,2室,55.5,"车位充足, 人车分流, 品牌房企, 近地铁",238.5,10.668955394675699,5.474369310328396,4.0163830207523885
万博企业中心,番禺,汉溪长隆,在售,40000,10室,1726.0,"车位充足, 人车分流, 国央企, 品牌房企",7000.0,10.596634733096073,8.85366542803745,7.453561871643373
广汇新世界金融中心,增城,凤凰城,在售,20000,4室,108.0,"车位充足, 人车分流, 近地铁, 地铁沿线",650.0,9.903487552536127,6.476972362889683,4.68213122712422
白云堡悦融居,白云,东平,在售,22000,5室,366.5,"车位充足, 人车分流, 置换改善, 地铁沿线",1045.0,9.998797732340453,6.951772164398911,5.903998521326706
从化城投天悦湾,从化,鳌头镇,在售,6000,2室,81.5,"低单价, 低总价, 绿化率高, 人车分流",50.5,8.699514748210191,3.9219733362813143,4.400603020246817
中恒海晖城,南海,小塘,在售,9500,3室,101.0,"佛山楼盘, 低单价, 低总价, 绿化率高",127.5,9.159047077588632,4.848116364598481,4.61512051684126
泷景花园,禅城,澜石,在售,17500,4室,137.0,"佛山楼盘, 人车分流, 大型社区, 品牌房企",280.0,9.769956159911606,5.634789603169249,4.919980925828125
太平洋国际花园,顺德,陈村,在售,16000,3室,142.5,"佛山楼盘, 低总价, 绿化率高, 人车分流",415.0,9.680344001221918,6.028278520230698,4.959341999708705
嘉濠雅苑,顺德,北滘,在售,10500,2室,88.5,"佛山楼盘, 低单价, 低总价, 人车分流",100.0,9.259130536145614,4.605170185988092,4.483002552013883
天晟·海琴湾,南海,丹灶,在售,8500,4室,171.5,"佛山楼盘, 低单价, 车位充足, 绿化率高",177.5,9.047821442478408,5.178970608915471,5.144583266605995
光明花半里,南海,罗村,在售,12000,3室,138.5,"佛山楼盘, 低单价, 低总价, 人车分流",131.5,9.392661928770137,4.879006851617819,4.930870325627393
珠水豪庭,南海,黄岐,在售,32000,4室,154.0,"佛山楼盘, 人车分流, 大型社区, 入户花园",635.0,10.373491181781864,6.453624998892692,5.0369526024136295
中信山语湖,南海,里水,在售,9500,4室,128.5,"佛山楼盘, 低单价, 低总价, 人车分流",130.5,9.159047077588632,4.871373226762748,4.855928904335275
美立方花园,南海,狮山,在售,13000,2室,116.5,"佛山楼盘, 低单价, 低总价, 人车分流",148.0,9.472704636443673,4.997212273764115,4.757891273005756
东圣维拉,顺德,容桂,在售,9000,4室,128.0,"佛山楼盘, 低单价, 低总价, 绿化率高",158.0,9.104979856318357,5.062595033026967,4.852030263919617
广佛新世界,南海,大沥,在售,15000,4室,116.0,"佛山楼盘, 低总价, 绿化率高, 低密居所",217.5,9.615805480084347,5.382198850528739,4.7535901911063645
藏珑华府,顺德,陈村,在售,15000,2室,133.0,"佛山楼盘, 低总价, 绿化率高, 人车分流",270.0,9.615805480084347,5.598421958998375,4.890349128221754
博雅滨江,三水,西南街道,在售,8800,4室,230.5,"佛山楼盘, 车位充足, 绿化率高, 品牌房企",205.0,9.082507000466299,5.3230099791384085,5.440250862436703
名铸家园,顺德,勒流,在售,11800,4室,144.0,"佛山楼盘, 低单价, 低总价, 车位充足",182.0,9.375854810453756,5.204006687076795,4.969813299576001
美的鹭湖森林度假区,高明,杨和,在售,8900,2室,96.0,"佛山楼盘, 绿化率高, 低密居所, 高品质小区",77.69999999999999,9.093806555720231,4.3528552573736015,4.564348191467836
鸿安花园,三水,北江新区,在售,8300,3室,117.0,"佛山楼盘, 低单价, 人车分流, 大型社区",108.0,9.02401079378469,4.68213122712422,4.762173934797756
欧浦花城,高明,杨和,在售,6000,3室,106.0,"佛山楼盘, 绿化率高, 人车分流, 公交直达",61.0,8.699514748210191,4.110873864173311,4.663439094112067
明智雅苑,三水,云东海街道,在售,7500,4室,127.5,"佛山楼盘, 低单价, 绿化率高, 低密居所",125.0,8.922658299524402,4.8283137373023015,4.848116364598481
海骏达康格斯花园,顺德,大良西北区,在售,9500,4室,120.5,"佛山楼盘, 低单价, 低总价, 绿化率高",194.0,9.159047077588632,5.267858159063328,4.791649752930709
丽日坚美森林湖,三水,云东海街道,在售,7300,4室,133.0,"佛山楼盘, 低单价, 车位充足, 绿化率高",97.5,8.895629627136483,4.579852378003801,4.890349128221754
丽日坚美森林湖,三水,云东海街道,在售,12000,4室,285.0,"佛山楼盘, 低单价, 绿化率高, 人车分流",350.0,9.392661928770137,5.857933154483459,5.652489180268651
金钻华府,顺德,乐从,在售,11000,2室,63.5,"佛山楼盘, 低单价, 低总价, 人车分流",85.0,9.305650551780507,4.442651256490317,4.151039905898646
圣德嘉园,禅城,南庄,在售,7500,3室,96.5,"佛山楼盘, 低单价, 低总价, 人车分流",81.5,8.922658299524402,4.400603020246817,4.56954300834494
美的西江府,顺德,龙江,在售,8300,4室,116.0,"佛山楼盘, 低单价, 低总价, 绿化率高",179.0,9.02401079378469,5.187385805840755,4.7535901911063645
天晟·海琴湾,南海,丹灶,在售,23000,6室,530.5,"佛山楼盘, 车位充足, 绿化率高, 置换改善",1350.0,10.043249494911286,7.2078598714324755,6.2738199580540375
金地艺境天成,三水,大塘,在售,6500,2室,112.5,"佛山楼盘, 低单价, 低总价, 人车分流",77.5,8.779557455883728,4.350277936359301,4.722953221644475
中粮珑湾祥云,禅城,湖景,在售,22000,4室,134.0,"佛山楼盘, 人车分流, 小型社区, 国央企",255.0,9.998797732340453,5.541263545158426,4.897839799950911
望德8号,禅城,湖景,在售,15500,4室,102.0,"佛山楼盘, 低总价, 人车分流, 大型社区",167.5,9.648595302907339,5.120983351265121,4.624972813284271
金融街金悦府,三水,云东海街道,在售,9000,3室,127.5,"佛山楼盘, 绿化率高, 人车分流, 国央企",125.5,9.104979856318357,4.832305758571839,4.848116364598481
中雅江湾,顺德,乐从,在售,13000,4室,119.0,"佛山楼盘, 低总价, 绿化率高, 人车分流",160.0,9.472704636443673,5.075173815233827,4.77912349311153
坚美园,鹤山市,鹤山市,在售,6600,4室,118.5,"楼盘, 绿化率高, 大型社区, 品牌房企",276.5,8.794824928014517,5.6222108209623896,4.774912960575186
南景湾山水城,鹤山市,鹤山市,在售,5988,4室,146.5,"楼盘, 绿化率高, 人车分流, 公交直达",93.0,8.69751274553952,4.532599493153256,4.987025428457122
中宝温馨家园,鹤山市,鹤山市,在售,5800,3室,114.0,"楼盘, 绿化率高, 人车分流, 品牌房企",75.0,8.66561319653451,4.31748811353631,4.736198448394496
电建地产·洺悦半岛,顺德,勒流,在售,9500,4室,138.0,"佛山楼盘, 低单价, 低总价, 绿化率高",133.5,9.159047077588632,4.894101477840304,4.927253685157205
雲璟上筑,顺德,伦教,在售,7500,1室,32.5,"佛山楼盘, 低单价, 低总价, 小型社区",34.5,8.922658299524402,3.5409593240373143,3.481240089335692
金地艺境天成,三水,大塘,在售,12000,4室,175.5,"佛山楼盘, 低单价, 低总价, 人车分流",195.0,9.392661928770137,5.272999558563747,5.167639042905921
保利新汇城,禅城,祖庙,在售,12500,4室,104.0,"佛山楼盘, 低单价, 低总价, 人车分流",135.0,9.433483923290392,4.90527477843843,4.6443908991413725
金地艺境天成,三水,大塘,在售,9000,1室,133.0,"佛山楼盘, 低单价, 低总价, 品牌房企",133.0,9.104979856318357,4.890349128221754,4.890349128221754
创雄华府,三水,北江新区,在售,8800,4室,114.5,"佛山楼盘, 低总价, 小型社区, 封闭管理",104.0,9.082507000466299,4.6443908991413725,4.740574822994295
桂南星晴公馆,南海,桂城,在售,18500,3室,94.5,"佛山楼盘, 人车分流, 小型社区, 贴心物业",177.5,9.825526011066415,5.178970608915471,4.548599834499697
泷景花园,禅城,澜石,在售,12000,2室,53.0,"佛山楼盘, 低总价, 人车分流, 大型社区",59.0,9.392661928770137,4.07753744390572,3.970291913552122
中国铁建领秀公馆,顺德,北滘,在售,13000,3室,116.0,"佛山楼盘, 绿化率高, 人车分流, 国央企",205.0,9.472704636443673,5.3230099791384085,4.7535901911063645
华业丽景花园,鹤山市,鹤山市,在售,5200,3室,106.5,"楼盘, 低单价, 绿化率高, 人车分流",60.3,8.556413904569519,4.09933210373314,4.66814498514948
碧桂园天麓湖,鹤山市,鹤山市,在售,6000,3室,102.0,"楼盘, 车位充足, 绿化率高, 置换改善",70.0,8.699514748210191,4.248495242049359,4.624972813284271
中交·诚湾悦府,顺德,杏坛,在售,11000,4室,110.5,"佛山楼盘, 低单价, 低总价, 车位充足",132.5,9.305650551780507,4.886582645426277,4.705015520957808
保利中交大都汇,禅城,绿岛湖,在售,13000,4室,108.5,"佛山楼盘, 低单价, 低总价, 绿化率高",190.0,9.472704636443673,5.247024072160486,4.686750172980514
阅海,南海,里水,在售,13000,3室,271.0,"佛山楼盘, 低单价, 低总价, 人车分流",200.0,9.472704636443673,5.298317366548036,5.602118820879701
富佳和院,南海,大沥,在售,17000,3室,102.0,"佛山楼盘, 车位充足, 人车分流, 贴心物业",188.5,9.740968623038354,5.2390980068880655,4.624972813284271
润立华庭,四会,大旺,在售,5500,3室,101.5,"楼盘, 低单价, 低总价, 人车分流",68.5,8.612503371220562,4.22683374526818,4.620058798481842
君山新城,四会,大旺,在售,6400,3室,104.5,"楼盘, 低总价, 绿化率高, 人车分流",77.5,8.764053269347762,4.350277936359301,4.6491870714048655
御东方,四会,大旺,在售,6500,3室,122.5,"楼盘, 人车分流, 大型社区, 健身跑道",88.65,8.779557455883728,4.484696032520217,4.808111029984782
唯美·臻岸华府,顺德,大良北区,在售,15000,4室,166.0,"佛山楼盘, 车位充足, 人车分流, 健身跑道",297.5,9.615805480084347,5.695414224985685,5.111987788356544
金融街仙湖悦府,南海,丹灶,在售,10000,4室,123.0,"佛山楼盘, 低单价, 低总价, 车位充足",120.0,9.210340371976184,4.787491742782046,4.812184355372417
东澳御园,四会,大旺,在售,6000,4室,88.5,"楼盘, 低单价, 绿化率高, 人车分流",52.5,8.699514748210191,3.960813169597578,4.483002552013883
实地紫藤公馆,顺德,容桂,在售,9000,4室,110.0,"佛山楼盘, 低单价, 低总价, 车位充足",117.5,9.104979856318357,4.7664383335842135,4.700480365792417
君临天下（富士花园）,高要区,高要,在售,5000,3室,102.5,"楼盘, 低单价, 低总价, 大型社区",54.9,8.517193191416238,4.005513348515485,4.629862798578463
星湖裕园,端州区,端州,在售,9000,5室,454.5,"楼盘, 车位充足, 人车分流, 置换改善",477.5,9.104979856318357,6.168564159920785,6.119197913617533
华福·珑熹水岸,高明,荷城,在售,7500,4室,118.5,"佛山楼盘, 人车分流, 大型社区, 品牌房企",98.5,8.922658299524402,4.590056548178043,4.774912960575186
天宝豪庭,顺德,杏坛,在售,8800,3室,108.0,"佛山楼盘, 低单价, 低总价, 人车分流",111.5,9.082507000466299,4.7140245909001735,4.68213122712422
保利天际,南海,千灯湖,在售,13000,1室,103.5,"佛山楼盘, 人车分流, 小型社区, 国央企",190.0,9.472704636443673,5.247024072160486,4.639571612705423
中交白兰春晓,禅城,祖庙,在售,17000,3室,102.5,"佛山楼盘, 人车分流, 大型社区, 国央企",177.5,9.740968623038354,5.178970608915471,4.629862798578463
鹏瑞皓玥湾,顺德,大良新区,在售,42000,4室,315.0,"佛山楼盘, 车位充足, 人车分流, 品牌房企",1295.0,10.645424897265505,7.166265974133638,5.752572638825633
保利华侨城云禧,南海,三山,在售,21000,4室,129.0,"佛山楼盘, 人车分流, 大型社区, 国央企",317.5,9.95227771670556,5.760477818332746,4.859812404361672
保利时光印象,顺德,容桂,在售,11000,3室,82.5,"佛山楼盘, 低单价, 低总价, 人车分流",105.0,9.305650551780507,4.653960350157523,4.412798293340635
绿城顺德杨柳郡,顺德,北滘,在售,16000,4室,109.0,"佛山楼盘, 车位充足, 人车分流, 国央企",180.0,9.680344001221918,5.19295685089021,4.6913478822291435
鸿业季华天地,禅城,湖景,在售,12000,2室,71.5,"佛山楼盘, 低单价, 低总价, 人车分流",91.0,9.392661928770137,4.51085950651685,4.269697449699962
瀚康华府,顺德,均安,在售,7500,4室,104.5,"佛山楼盘, 低单价, 低总价, 绿化率高",82.0,8.922658299524402,4.406719247264253,4.6491870714048655
复地公园和光,禅城,石湾,在售,14000,2室,95.0,"佛山楼盘, 低总价, 绿化率高, 人车分流",185.0,9.546812608597396,5.220355825078324,4.553876891600541
鹤山帝豪居,鹤山市,鹤山市,在售,8000,4室,116.5,"楼盘, 车位充足, 绿化率高, 公交直达",87.0,8.987196820661973,4.465908118654584,4.757891273005756
美的云悦江山,顺德,北滘,在售,16500,3室,112.5,"佛山楼盘, 低总价, 绿化率高, 人车分流",199.0,9.711115659888671,5.293304824724492,4.722953221644475
星星凯旋国际,禅城,祖庙,在售,11000,4室,106.0,"佛山楼盘, 低单价, 人车分流, 大型社区",158.0,9.305650551780507,5.062595033026967,4.663439094112067
碧桂园云樾金沙,南海,里水,在售,16000,4室,105.0,"佛山楼盘, 绿化率高, 人车分流, 品牌房企",229.5,9.680344001221918,5.4359030295006,4.653960350157523
凯蓝锦伦华庭,顺德,伦教,在售,11500,3室,76.0,"佛山楼盘, 低单价, 低总价, 人车分流",105.0,9.350102314351341,4.653960350157523,4.330733340286331
时代灯湖天境,南海,桂城,在售,21000,4室,97.0,"佛山楼盘, 优惠楼盘, 人车分流, 大型社区",220.0,9.95227771670556,5.393627546352362,4.574710978503383
共和宝丰新城,鹤山市,鹤山市,在售,5800,4室,110.0,"楼盘, 人车分流, 封闭管理, 贴心物业",63.0,8.66561319653451,4.143134726391533,4.700480365792417
中建顺控·云熙悦城,顺德,乐从,在售,10000,3室,100.0,"佛山楼盘, 低单价, 低总价, 绿化率高",115.0,9.210340371976184,4.74493212836325,4.605170185988092
深业旗山雅苑,南海,里水,在售,14000,4室,99.0,"佛山楼盘, 低总价, 人车分流, 小型社区",140.0,9.546812608597396,4.941642422609304,4.59511985013459
新希望金沙公馆,南海,金沙洲,在售,23000,4室,101.5,"佛山楼盘, 人车分流, 品牌房企, 健身跑道",245.0,10.043249494911286,5.501258210544727,4.620058798481842
中交泷湾云城,南海,三山,在售,20000,3室,112.0,"佛山楼盘, 人车分流, 大型社区, 国央企",219.0,9.903487552536127,5.389071729816501,4.718498871295094
金辉辉逸云庭,禅城,南庄,在售,11000,3室,91.0,"佛山楼盘, 特价好房, 低单价, 绿化率高",100.0,9.305650551780507,4.605170185988092,4.51085950651685
金辉辉逸云庭,禅城,南庄,在售,25000,4室,133.5,"佛山楼盘, 低总价, 人车分流, 大型社区",350.0,10.126631103850338,5.857933154483459,4.894101477840304
星星凯旋国际,禅城,祖庙,在售,28000,4室,108.0,"佛山楼盘, 人车分流, 大型社区, 品牌房企",3650.0,10.239959789157341,8.202482446576537,4.68213122712422
广佛新世界,南海,大沥,在售,28000,3室,672.0,"佛山楼盘, 绿化率高, 人车分流, 置换改善",1881.0,10.239959789157341,7.53955882930103,6.51025834052315
新仕名府,顺德,伦教,在售,9500,4室,81.0,"佛山楼盘, 低单价, 车位充足, 人车分流",112.5,9.159047077588632,4.722953221644475,4.394449154672439
春风名苑,顺德,乐从,在售,16500,2室,94.5,"佛山楼盘, 低总价, 人车分流, 小型社区",162.5,9.711115659888671,5.090678001769792,4.548599834499697
中建映湖万黛,顺德,乐从,在售,13000,3室,106.5,"佛山楼盘, 特价好房, 低总价, 人车分流",142.0,9.472704636443673,4.955827057601261,4.66814498514948
新仕名府,顺德,伦教,在售,12500,4室,124.0,"佛山楼盘, 低单价, 车位充足, 绿化率高",152.0,9.433483923290392,5.0238805208462765,4.820281565605037
金融街金悦郡,三水,云东海街道,在售,9300,3室,107.0,"佛山楼盘, 低总价, 人车分流, 大型社区",105.5,9.137769679141348,4.658710952916121,4.672828834461906
欣雅苑,高明,荷城,在售,6300,4室,103.0,"佛山楼盘, 人车分流, 小型社区, 品牌房企",71.0,8.748304912379623,4.2626798770413155,4.634728988229636
鸿升春风里,鹤山市,鹤山市,在售,5500,2室,80.0,"楼盘, 低单价, 低总价, 绿化率高",52.1,8.612503371220562,3.9531649487593215,4.382026634673881
天樾水岸,禅城,澜石,在售,20000,3室,138.0,"佛山楼盘, 绿化率高, 人车分流, 多轨交汇",250.0,9.903487552536127,5.521460917862246,4.927253685157205
润立丽苑,南海,西樵,在售,7000,2室,91.5,"佛山楼盘, 低单价, 低总价, 人车分流",76.5,8.85366542803745,4.33729074083249,4.516338972281476
颐安·雍悦华府,三水,北江新区,在售,8800,3室,118.0,"佛山楼盘, 人车分流, 封闭管理, 品牌房企",162.0,9.082507000466299,5.087596335232384,4.770684624465665
中建壹品·湖北文旅·东湖学府,顺德,容桂,在售,12000,3室,116.0,"佛山楼盘, 低单价, 低总价, 车位充足",162.0,9.392661928770137,5.087596335232384,4.7535901911063645
美的·金地·新明珠·凤翔湾壹号,禅城,南庄,在售,14500,4室,112.5,"佛山楼盘, 低总价, 人车分流, 大型社区",179.0,9.581903928408666,5.187385805840755,4.722953221644475
圣淘湾·美丽院子,顺德,龙江,在售,8100,3室,166.0,"佛山楼盘, 低单价, 低总价, 绿化率高",191.5,8.99961934066053,5.2548878086207,5.111987788356544
广域西江华府,三水,白坭,在售,7000,3室,87.5,"佛山楼盘, 低单价, 低总价, 人车分流",60.0,8.85366542803745,4.0943445622221,4.471638793363569
樵顺高建广场,高明,荷城,在售,5300,2室,111.5,"佛山楼盘, 低单价, 低总价, 人车分流",61.5,8.575462099540212,4.119037174812473,4.7140245909001735
保利阅江台江缦,顺德,陈村,在售,20000,4室,183.5,"佛山楼盘, 车位充足, 绿化率高, 国央企",580.0,9.903487552536127,6.363028103540465,5.212214667494625
龙湖江与城,顺德,伦教,在售,12000,2室,103.5,"佛山楼盘, 低单价, 低总价, 人车分流",108.0,9.392661928770137,4.68213122712422,4.639571612705423
美的世茂滨江壹号,顺德,大良新区,在售,15000,4室,119.5,"佛山楼盘, 低总价, 车位充足, 人车分流",200.0,9.615805480084347,5.298317366548036,4.783316371371566
凯蓝滨江名门花园,顺德,容桂,在售,12000,4室,90.5,"佛山楼盘, 低单价, 低总价, 人车分流",130.0,9.392661928770137,4.867534450455582,4.505349850705881
华侨城·纯水岸,鹤山市,鹤山市,在售,4688,3室,82.5,"楼盘, 低单价, 低总价, 低密居所",44.0,8.452761331256848,3.784189633918261,4.412798293340635
保利清能和府,三水,云东海街道,在售,8900,3室,97.0,"佛山楼盘, 低总价, 绿化率高, 人车分流",87.5,9.093806555720231,4.471638793363569,4.574710978503383
鸿升·江门玉兰花园,鹤山市,鹤山市,在售,5500,3室,93.0,"楼盘, 低单价, 人车分流, 大型社区",55.0,8.612503371220562,4.007333185232471,4.532599493153256
香缤天玺名苑,高明,荷城,在售,6000,2室,104.0,"佛山楼盘, 车位充足, 人车分流, 品牌房企",69.0,8.699514748210191,4.23410650459726,4.6443908991413725
中梁壹号院,端州区,北岭,在售,7500,4室,138.0,"楼盘, 绿化率高, 人车分流, 品牌房企",145.0,8.922658299524402,4.976733742420574,4.927253685157205
金融街·顺德金悦府,顺德,陈村,在售,13000,4室,113.0,"佛山楼盘, 低总价, 车位充足, 绿化率高",185.0,9.472704636443673,5.220355825078324,4.727387818712341
广域西江华府,三水,白坭,在售,5500,1室,29.5,"佛山楼盘, 低单价, 低总价, 人车分流",15.3,8.612503371220562,2.72785282839839,3.3843902633457743
中梁星图,南海,西樵,在售,8500,4室,108.5,"佛山楼盘, 低单价, 低总价, 人车分流",85.5,9.047821442478408,4.448516375942715,4.686750172980514
勤天熹园,高明,荷城,在售,8300,2室,92.0,"佛山楼盘, 人车分流, 小型社区, 品牌房企",77.5,9.02401079378469,4.350277936359301,4.5217885770490405
黎明嘉园,禅城,澜石,在售,17500,3室,102.5,"佛山楼盘, 人车分流, 封闭管理, 近地铁",173.5,9.769956159911606,5.156177599386914,4.629862798578463
怡翠晋盛,顺德,乐从,在售,20000,4室,232.5,"佛山楼盘, 绿化率高, 人车分流, 品牌房企",417.5,9.903487552536127,6.0342845442909105,5.448890225027411
鸿升·春江明月（春江明月花园）,鹤山市,鹤山市,在售,7500,4室,136.0,"楼盘, 人车分流, 大型社区, 大平层",129.0,8.922658299524402,4.859812404361672,4.912654885736052
时代全球创客小镇,南海,大沥,在售,26000,4室,167.5,"佛山楼盘, 人车分流, 大型社区, 品牌房企",515.0,10.165851817003619,6.244166900663736,5.120983351265121
新城盛悦之光,顺德,陈村,在售,19000,4室,100.0,"佛山楼盘, 绿化率高, 人车分流, 品牌房企",190.0,9.852194258148577,5.247024072160486,4.605170185988092
中交滨湖雅郡,四会,大旺,在售,6600,4室,126.5,"楼盘, 绿化率高, 人车分流, 国央企",105.0,8.794824928014517,4.653960350157523,4.840242308167575
方直星耀国际,顺德,容桂,在售,9800,3室,108.0,"佛山楼盘, 低单价, 低总价, 人车分流",115.0,9.190137664658664,4.74493212836325,4.68213122712422
美的卓越好时光,顺德,北滘,在售,13300,3室,103.0,"佛山楼盘, 特价好房, 低总价, 人车分流",172.5,9.495519314209846,5.150397236471415,4.634728988229636
新希望悦珑湾,顺德,陈村,在售,17500,2室,75.0,"佛山楼盘, 绿化率高, 人车分流, 品牌房企",192.5,9.769956159911606,5.260096153727839,4.31748811353631
美的·东樾湾,南海,黄岐,在售,19500,4室,115.0,"佛山楼盘, 车位充足, 人车分流, 品牌房企",350.0,9.878169744551839,5.857933154483459,4.74493212836325
泰丰千玺湾,禅城,湖景,在售,24000,4室,138.0,"佛山楼盘, 人车分流, 封闭管理, 品牌房企",345.0,10.085809109330082,5.84354441703136,4.927253685157205
海伦堡·汇银·玖悦澜湾,禅城,南庄,在售,11500,2室,112.5,"佛山楼盘, 低单价, 低总价, 绿化率高",141.0,9.350102314351341,4.948759890378168,4.722953221644475
中南云锦,三水,乐平,在售,9300,2室,94.5,"佛山楼盘, 低总价, 绿化率高, 人车分流",80.5,9.137769679141348,4.388257184424518,4.548599834499697
黎明嘉园,禅城,澜石,在售,8300,2室,124.5,"佛山楼盘, 低单价, 低总价, 近地铁",137.0,9.02401079378469,4.919980925828125,4.824305715904762
明智雅苑,三水,云东海街道,在售,16500,5室,399.0,"佛山楼盘, 车位充足, 绿化率高, 置换改善",586.0,9.711115659888671,6.373319789577012,5.988961416889864
正荣力高·观山府,南海,西樵,在售,11000,2室,104.5,"佛山楼盘, 低单价, 低总价, 人车分流",120.0,9.305650551780507,4.787491742782046,4.6491870714048655
金地熙悦,顺德,北滘,在售,12500,2室,91.5,"佛山楼盘, 低单价, 低总价, 绿化率高",92.5,9.433483923290392,4.52720864451838,4.516338972281476
建发德信三堂院,南海,大沥,在售,17000,3室,115.0,"佛山楼盘, 人车分流, 大型社区, 国央企",210.0,9.740968623038354,5.3471075307174685,4.74493212836325
信业汇景台,顺德,龙江,在售,10000,3室,104.0,"佛山楼盘, 低单价, 低总价, 人车分流",128.0,9.210340371976184,4.852030263919617,4.6443908991413725
爱情·印玥万璟府,顺德,容桂,在售,9500,2室,86.0,"佛山楼盘, 低单价, 低总价, 人车分流",77.0,9.159047077588632,4.343805421853684,4.454347296253507
建发融创和玺,三水,云东海街道,在售,15000,4室,121.0,"佛山楼盘, 人车分流, 国央企, 品牌房企",250.0,9.615805480084347,5.521460917862246,4.795790545596741
明日阳光,顺德,大良南区,在售,8000,4室,98.5,"佛山楼盘, 低单价, 低总价, 人车分流",86.5,8.987196820661973,4.460144413937834,4.590056548178043
嘉濠雅苑,顺德,北滘,在售,8500,1室,40.0,"佛山楼盘, 低单价, 人车分流, 小型社区",34.75,9.047821442478408,3.548179572010801,3.6888794541139363
粤海拾桂府,禅城,东平,在售,24000,4室,147.5,"佛山楼盘, 人车分流, 大型社区, 国央企",305.0,10.085809109330082,5.720311776607412,4.993828175779875
远洋北控天成,南海,里水,在售,14800,4室,106.5,"佛山楼盘, 低总价, 人车分流, 封闭管理",180.0,9.602382459752207,5.19295685089021,4.66814498514948
博源尚云府,三水,西南街道,在售,11000,4室,172.5,"佛山楼盘, 人车分流, 封闭管理, 品牌房企",225.0,9.305650551780507,5.41610040220442,5.150397236471415
观景华府,三水,云东海街道,在售,8500,3室,121.5,"佛山楼盘, 低总价, 绿化率高, 人车分流",105.5,9.047821442478408,4.658710952916121,4.799914262780603
万科璞悦山,南海,三山,在售,18500,4室,161.0,"佛山楼盘, 人车分流, 大型社区, 国央企",618.0,9.825526011066415,6.42648845745769,5.081404364984463
旭辉恒基铂仕湾,禅城,张槎,在售,15000,4室,113.0,"佛山楼盘, 人车分流, 封闭管理, 品牌房企",167.0,9.615805480084347,5.117993812416755,4.727387818712341
金地招商臻玥府,顺德,容桂,在售,10300,2室,97.0,"佛山楼盘, 低单价, 低总价, 人车分流",117.5,9.239899174217728,4.7664383335842135,4.574710978503383
美的滨湖学府,南海,里水,在售,17000,4室,194.0,"佛山楼盘, 人车分流, 小型社区, 品牌房企",260.0,9.740968623038354,5.560681631015528,5.267858159063328
大华紫樾府,禅城,张槎,在售,17500,3室,128.0,"佛山楼盘, 人车分流, 大型社区, 品牌房企",415.0,9.769956159911606,6.028278520230698,4.852030263919617
保利智慧云城,顺德,杏坛,在售,9800,4室,98.5,"佛山楼盘, 低单价, 低总价, 人车分流",100.0,9.190137664658664,4.605170185988092,4.590056548178043
岭南澳苑,三水,乐平,在售,6500,3室,89.0,"佛山楼盘, 低单价, 低总价, 绿化率高",62.0,8.779557455883728,4.127134385045092,4.48863636973214
信业·珀丽湾,高要区,高要,在售,4000,4室,113.0,"楼盘, 低单价, 低总价, 绿化率高",58.5,8.294049640102028,4.069026754237811,4.727387818712341
港龙滨江公园,顺德,伦教,在售,13500,4室,109.5,"佛山楼盘, 低总价, 人车分流, 封闭管理",163.0,9.51044496442652,5.093750200806762,4.695924549256556
金地中南新城大境,顺德,乐从,在售,12000,2室,91.5,"佛山楼盘, 低单价, 低总价, 人车分流",111.5,9.392661928770137,4.7140245909001735,4.516338972281476
华发滨江府,顺德,乐从,在售,17500,3室,114.5,"佛山楼盘, 人车分流, 封闭管理, 国央企",227.5,9.769956159911606,5.427150238391005,4.740574822994295
保利铂悦府,顺德,容桂,在售,10500,4室,117.0,"佛山楼盘, 低单价, 低总价, 人车分流",130.5,9.259130536145614,4.871373226762748,4.762173934797756
安联尚璟府,高明,荷城,在售,10000,2室,107.0,"佛山楼盘, 人车分流, 封闭管理, 国央企",120.0,9.210340371976184,4.787491742782046,4.672828834461906
恩歌源·享城,鼎湖区,鼎湖,在售,4800,4室,118.5,"楼盘, 低单价, 低总价, 人车分流",63.0,8.476371196895983,4.143134726391533,4.774912960575186
义兴壹品,四会,大旺,在售,5500,3室,107.0,"楼盘, 低单价, 低总价, 绿化率高",58.0,8.612503371220562,4.060443010546419,4.672828834461906
凯蓝江畔名轩,顺德,容桂,在售,10000,2室,69.5,"佛山楼盘, 低单价, 低总价, 绿化率高",81.0,9.210340371976184,4.394449154672439,4.241326752570746
建投恒福壹号,禅城,湖景,在售,33000,4室,206.5,"佛山楼盘, 车位充足, 人车分流, 近地铁",735.0,10.404262840448617,6.5998704992128365,5.330300412401088
灯湖首府,禅城,祖庙,在售,15000,2室,88.5,"佛山楼盘, 低总价, 人车分流, 小型社区",135.0,9.615805480084347,4.90527477843843,4.483002552013883
鹤山·中汇名庭,鹤山市,鹤山市,在售,7800,4室,110.0,"楼盘, 车位充足, 人车分流, 公交直达",97.5,8.961879012677683,4.579852378003801,4.700480365792417
新华城,鹤山市,鹤山市,在售,7500,3室,145.5,"楼盘, 绿化率高, 人车分流, 公交直达",115.5,8.922658299524402,4.749270529961848,4.980176086611547
远大建管帝景湾,顺德,伦教,在售,13000,3室,112.5,"佛山楼盘, 低总价, 人车分流, 大型社区",128.0,9.472704636443673,4.852030263919617,4.722953221644475
越秀·御湖台,南海,狮山,在售,16000,4室,167.5,"佛山楼盘, 车位充足, 人车分流, 国央企",311.5,9.680344001221918,5.741399338227508,5.120983351265121
汇源新都,鹤山市,鹤山市,在售,5700,3室,94.0,"楼盘, 绿化率高, 人车分流, 公交直达",54.0,8.648221453822641,3.9889840465642745,4.543294782270004
泰丰千语庭,禅城,澜石,在售,17500,4室,95.5,"佛山楼盘, 绿化率高, 人车分流, 品牌房企",175.0,9.769956159911606,5.1647859739235145,4.5591262474866845
明智雅苑,三水,云东海街道,在售,13000,1室,89.0,"佛山楼盘, 低单价, 人车分流, 封闭管理",80.0,9.472704636443673,4.382026634673881,4.48863636973214
保利灯湖天珺,南海,盐步,在售,30000,4室,169.0,"佛山楼盘, 车位充足, 绿化率高, 国央企",640.0,10.308952660644293,6.461468176353717,5.1298987149230735
信业汇景台,顺德,龙江,在售,18000,4室,108.0,"佛山楼盘, 低总价, 人车分流, 封闭管理",56.0,9.798127036878302,4.02535169073515,4.68213122712422
侨银控股银湖湾畔,三水,乐平,在售,13000,4室,134.5,"佛山楼盘, 人车分流, 封闭管理, 品牌房企",160.5,9.472704636443673,5.07829394257007,4.901564199041894
三龙湾保利和颂,禅城,湖景,在售,22000,3室,114.5,"佛山楼盘, 人车分流, 大型社区, 国央企",325.0,9.998797732340453,5.783825182329737,4.740574822994295
融佳臻园,三水,西南街道,在售,9800,4室,134.5,"佛山楼盘, 低总价, 人车分流, 小型社区",158.5,9.190137664658664,5.065754593317335,4.901564199041894
锦绣半岛,南海,狮山,在售,12000,4室,152.5,"佛山楼盘, 低单价, 低总价, 车位充足",293.0,9.392661928770137,5.680172609017068,5.0271645960474665
保利珺悦府,顺德,北滘,在售,19500,4室,179.5,"佛山楼盘, 车位充足, 人车分流, 国央企",480.0,9.878169744551839,6.173786103901937,5.190175207928333
鸿升·春江明月（春江明月花园）,鹤山市,鹤山市,在售,15000,6室,211.5,"楼盘, 人车分流, 大型社区, 品牌房企",326.0,9.615805480084347,5.786897381366708,5.354224998486333
保利珺悦府,顺德,北滘,在售,26000,4室,196.0,"佛山楼盘, 车位充足, 人车分流, 国央企",550.0,10.165851817003619,6.309918278226516,5.278114659230517
城发·悦城峯境,禅城,张槎,在售,22000,4室,261.5,"佛山楼盘, 车位充足, 人车分流, 国央企",615.0,9.998797732340453,6.421622267806518,5.566434283504978
樵顺花苑,高明,荷城,在售,7500,4室,105.5,"佛山楼盘, 人车分流, 小型社区, 小三居",82.0,8.922658299524402,4.406719247264253,4.658710952916121
顺控金地熙悦湾,顺德,勒流,在售,8500,3室,108.0,"佛山楼盘, 低单价, 低总价, 人车分流",95.0,9.047821442478408,4.553876891600541,4.68213122712422
华福·金湾水岸,顺德,伦教,在售,13000,3室,134.5,"佛山楼盘, 低总价, 人车分流, 封闭管理",192.5,9.472704636443673,5.260096153727839,4.901564199041894
保利天悦,南海,千灯湖,在售,18000,2室,125.5,"佛山楼盘, 车位充足, 人车分流, 国央企",315.0,9.798127036878302,5.752572638825633,4.832305758571839
锦绣春江花园,鼎湖区,鼎湖,在售,6000,3室,98.5,"楼盘, 人车分流, 封闭管理, 旅游地产",63.5,8.699514748210191,4.151039905898646,4.590056548178043
保利天汇,南海,平洲,在售,35000,4室,213.5,"佛山楼盘, 车位充足, 人车分流, 国央企",915.0,10.46310334047155,6.818924065275521,5.363636832668679
凯景半岛,高明,荷城,在售,8000,4室,101.0,"佛山楼盘, 人车分流, 小型社区, 公交直达",78.0,8.987196820661973,4.356708826689592,4.61512051684126
啟骏琅逸轩,南海,黄岐,在售,22000,3室,105.0,"佛山楼盘, 低密居所, 人车分流, 公交直达",220.0,9.998797732340453,5.393627546352362,4.653960350157523
保利三龙湾天珺,禅城,湖景,在售,40000,4室,273.0,"佛山楼盘, 车位充足, 人车分流, 国央企",1285.0,10.596634733096073,7.158513997329321,5.60947179518496
越秀星汇文瀚,南海,平洲,在售,23000,4室,100.0,"佛山楼盘, 人车分流, 小型社区, 国央企",225.0,10.043249494911286,5.41610040220442,4.605170185988092
融基齐家湖壹号,三水,乐平,在售,9500,4室,138.0,"佛山楼盘, 特价好房, 车位充足, 绿化率高",132.5,9.159047077588632,4.886582645426277,4.927253685157205
天樾华园,禅城,澜石,在售,15500,4室,116.0,"佛山楼盘, 低总价, 车位充足, 绿化率高",189.0,9.648595302907339,5.241747015059643,4.7535901911063645
城发灯湖悦园,禅城,祖庙,在售,16000,3室,100.5,"佛山楼盘, 人车分流, 大型社区, 国央企",167.5,9.680344001221918,5.120983351265121,4.61015772749913
保利新汇城,禅城,祖庙,在售,25000,4室,108.0,"佛山楼盘, 人车分流, 大型社区, 国央企",170.0,10.126631103850338,5.135798437050262,4.68213122712422
捷和广场三期水溋坊,三水,云东海街道,在售,8600,3室,99.5,"佛山楼盘, 低总价, 绿化率高, 人车分流",93.0,9.0595174822416,4.532599493153256,4.600157644164547
东建映月湖壹号,南海,平洲,在售,35000,4室,240.0,"佛山楼盘, 车位充足, 人车分流, 品牌房企",900.0,10.46310334047155,6.802394763324311,5.480638923341991
华侨城天鹅堡二期,顺德,大良东区,在售,22000,4室,212.0,"佛山楼盘, 车位充足, 人车分流, 国央企",530.0,9.998797732340453,6.272877006546167,5.356586274672012
建发融创和玺,三水,云东海街道,在售,25000,1室,48.5,"佛山楼盘, 人车分流, 封闭管理, 国央企",110.0,10.126631103850338,4.700480365792417,3.8815637979434374
顺控•桂樾台,顺德,容桂,在售,9500,2室,107.0,"佛山楼盘, 优惠楼盘, 低单价, 封闭管理",105.0,9.159047077588632,4.653960350157523,4.672828834461906
九峯台,高明,荷城,在售,9500,4室,182.5,"佛山楼盘, 车位充足, 人车分流, 公交直达",173.0,9.159047077588632,5.153291594497779,5.206750173022546
北岸美庐,顺德,乐从,在售,10000,4室,228.5,"佛山楼盘, 低单价, 人车分流, 封闭管理",264.0,9.210340371976184,5.575949103146316,5.43153621033426
顺伦海心明月,顺德,伦教,在售,11000,2室,97.5,"佛山楼盘, 低单价, 低总价, 人车分流",107.5,9.305650551780507,4.677490847567717,4.579852378003801
保利琅悦,南海,桂城,在售,25000,4室,131.0,"佛山楼盘, 人车分流, 大型社区, 国央企",365.0,10.126631103850338,5.8998973535824915,4.875197323201151
建发灯湖天峯,南海,大沥,在售,32000,4室,141.0,"佛山楼盘, 绿化率高, 人车分流, 国央企",450.0,10.373491181781864,6.1092475827643655,4.948759890378168
建发灯湖缦云,南海,盐步,在售,45000,4室,256.5,"佛山楼盘, 车位充足, 人车分流, 国央企",1350.0,10.714417768752456,7.2078598714324755,5.547128664610824
华侨城半月岛纯水岸,禅城,湖景,在售,31000,4室,183.5,"佛山楼盘, 人车分流, 封闭管理, 国央企",611.5,10.341742483467284,6.415914955127227,5.212214667494625
万科世纪灯湖·瑧府,南海,千灯湖,在售,50000,4室,190.0,"佛山楼盘, 车位充足, 绿化率高, 国央企",850.0,10.819778284410283,6.745236349484363,5.247024072160486
保利和著,南海,平洲,在售,24000,4室,141.0,"佛山楼盘, 车位充足, 人车分流, 国央企",380.0,10.085809109330082,5.940171252720432,4.948759890378168
裕桂楼,南海,桂城,在售,20000,2室,102.5,"佛山楼盘, 人车分流, 小型社区, 近地铁",200.0,9.903487552536127,5.298317366548036,4.629862798578463
汇景园,鼎湖区,鼎湖,在售,5200,4室,102.0,"楼盘, 低单价, 低总价, 绿化率高",55.5,8.556413904569519,4.0163830207523885,4.624972813284271
怡亚通珑樾,禅城,岭南大道,在售,22000,3室,132.5,"佛山楼盘, 车位充足, 低密居所, 国央企",295.0,9.998797732340453,5.68697535633982,4.886582645426277
新希望悦珑湾,顺德,陈村,在售,25000,4室,108.0,"佛山楼盘, 人车分流, 封闭管理, 品牌房企",139.0,10.126631103850338,4.9344739331306915,4.68213122712422
颐安·雍悦华府,三水,北江新区,在售,20000,1室,60.0,"佛山楼盘, 人车分流, 封闭管理, 品牌房企",105.0,9.903487552536127,4.653960350157523,4.0943445622221
顺控博悦湾新翼,顺德,顺德碧桂园,在售,11000,4室,130.5,"佛山楼盘, 低单价, 低总价, 人车分流",176.0,9.305650551780507,5.170483995038151,4.871373226762748
中盛龙骧水岸,南海,大沥,在售,15500,2室,103.0,"佛山楼盘, 人车分流, 小型社区, 品牌房企",176.5,9.648595302907339,5.173320876373351,4.634728988229636
致美家园,南海,狮山,在售,16000,4室,263.0,"佛山楼盘, 车位充足, 人车分流, 品牌房企",610.0,9.680344001221918,6.413458957167357,5.572154032177765
岭南华曦府,顺德,大良东区,在售,17000,4室,116.5,"佛山楼盘, 人车分流, 封闭管理, 国央企",204.5,9.740968623038354,5.320567975482857,4.757891273005756
江鹤1号,鹤山市,鹤山市,在售,7000,4室,116.0,"楼盘, 车位充足, 人车分流, 小三居",67.5,8.85366542803745,4.212127597878484,4.7535901911063645
春风潮鸣花园,鹤山市,鹤山市,在售,7750,4室,93.0,"楼盘, 人车分流, 大型社区, 品牌房企",62.5,8.955448122347393,4.135166556742356,4.532599493153256
春风潮鸣花园,鹤山市,鹤山市,在售,10000,4室,222.5,"楼盘, 人车分流, 大型社区, 品牌房企",227.5,9.210340371976184,5.427150238391005,5.404927101606295
顺峰府,顺德,大良东区,在售,17000,3室,195.0,"佛山楼盘, 车位充足, 绿化率高, 近地铁",374.0,9.740968623038354,5.924255797414532,5.272999558563747
新怡明德世家,南海,盐步,在售,13500,4室,115.0,"佛山楼盘, 低单价, 人车分流, 小型社区",160.0,9.51044496442652,5.075173815233827,4.74493212836325
东建天赋龙湾,禅城,张槎,在售,18500,4室,142.0,"佛山楼盘, 绿化率高, 人车分流, 品牌房企",276.5,9.825526011066415,5.6222108209623896,4.955827057601261
智信明轩,高明,荷城,在售,6300,3室,101.5,"佛山楼盘, 人车分流, 小型社区, 公交直达",62.5,8.748304912379623,4.135166556742356,4.620058798481842
博雅滨江,三水,西南街道,在售,20000,1室,48.0,"佛山楼盘, 车位充足, 人车分流, 品牌房企",97.0,9.903487552536127,4.574710978503383,3.871201010907891
捷和广场三期水溋坊,三水,云东海街道,在售,25000,1室,43.5,"佛山楼盘, 低总价, 人车分流, 封闭管理",134.65,10.126631103850338,4.902678819257608,3.7727609380946383
桐林天晋,南海,盐步,在售,17000,2室,102.0,"佛山楼盘, 人车分流, 小型社区, 公交直达",169.0,9.740968623038354,5.1298987149230735,4.624972813284271
涛汇鎏金湾二期·瑞府,顺德,大良新区,在售,15000,4室,130.0,"佛山楼盘, 绿化率高, 人车分流, 公交直达",210.0,9.615805480084347,5.3471075307174685,4.867534450455582
怡亚通珑樾,禅城,岭南大道,在售,18000,4室,108.0,"佛山楼盘, 车位充足, 人车分流, 国央企",1100.0,9.798127036878302,7.003065458786462,4.68213122712422
藏珑华府,顺德,陈村,在售,8800,2室,48.5,"佛山楼盘, 低单价, 人车分流, 封闭管理",40.0,9.082507000466299,3.6888794541139363,3.8815637979434374
智富新天地,顺德,杏坛,在售,7800,4室,89.5,"佛山楼盘, 低单价, 低总价, 人车分流",68.5,8.961879012677683,4.22683374526818,4.4942386252808095
中兴汇富居,鹤山市,鹤山市,在售,6800,4室,132.5,"楼盘, 绿化率高, 人车分流, 公交直达",99.5,8.824677891164198,4.600157644164547,4.886582645426277
桃园高尔夫豪庭,南海,松岗,在售,20000,7室,684.5,"佛山楼盘, 人车分流, 小型社区, 置换改善",1390.0,9.903487552536127,7.237059026124737,6.528688644728503
万和融禧公馆,南海,千灯湖,在售,17000,2室,96.5,"佛山楼盘, 小型社区, 封闭管理, 多轨交汇",177.5,9.740968623038354,5.178970608915471,4.56954300834494
大学城•禾粤,南海,狮山,在售,7500,4室,105.5,"佛山楼盘, 低单价, 低总价, 人车分流",85.0,8.922658299524402,4.442651256490317,4.658710952916121
天健汇,天河,车陂,售罄,37500,2室,43.5,"人车分流, 小型社区, 国央企, 品牌房企",135.0,10.532096211958502,4.90527477843843,3.7727609380946383
绿地云央,白云,太和,售罄,27500,4室,118.0,"车位充足, 人车分流, 国央企, 品牌房企",275.0,10.221941283654663,5.616771097666572,4.770684624465665
智杰雅筑,从化,河滨北路,售罄,11000,4室,166.0,"绿化率高, 人车分流, 入户花园, 贴心物业",140.0,9.305650551780507,4.941642422609304,5.111987788356544
南华时代城,花都,铁路西,售罄,20000,3室,114.5,"人车分流, 大型社区, 健身跑道, 地铁沿线",220.0,9.903487552536127,5.393627546352362,4.740574822994295
中森茗苑,增城,新塘北,售罄,21000,3室,86.5,"人车分流, 封闭管理, 入户花园, 儿童乐园",185.0,9.95227771670556,5.220355825078324,4.460144413937834
越秀星汇云城,白云,同和,售罄,53000,3室,100.0,"车位充足, 绿化率高, 国央企, 入户花园",550.0,10.87804719253426,6.309918278226516,4.605170185988092
盈港国际,南沙,进港大道,售罄,14500,2室,113.0,"绿化率高, 人车分流, 自持商业, 公交直达",140.0,9.581903928408666,4.941642422609304,4.727387818712341
远东御江豪庭,荔湾,茶滘,售罄,40000,2室,106.0,"人车分流, 小型社区, 休闲会所, 地铁沿线",343.0,10.596634733096073,5.8377304471659395,4.663439094112067
中海联南沙国贸中心,南沙,金洲,售罄,13000,2室,55.0,"人车分流, 小型社区, 近地铁, 地铁沿线",68.0,9.472704636443673,4.219507705176107,4.007333185232471
家和天曜,天河,黄村,售罄,33000,2室,47.5,"绿化率高, 人车分流, 自持商业, 公交直达",135.0,10.404262840448617,4.90527477843843,3.8607297110405954
大夫山尚东,番禺,市桥,售罄,24000,3室,94.5,"绿化率高, 人车分流, 品牌房企, 贴心物业",220.0,10.085809109330082,5.393627546352362,4.548599834499697
中鼎名汇,黄埔,黄埔区府,售罄,23500,2室,67.5,"绿化率高, 人车分流, 贴心物业, 自持商业",170.0,10.06475570013225,5.135798437050262,4.212127597878484
保利罗兰国际4期,黄埔,科学城,售罄,41000,2室,113.0,"车位充足, 绿化率高, 国央企, 品牌房企",450.0,10.621327345686446,6.1092475827643655,4.727387818712341
金地香山湖,增城,永宁,售罄,12000,4室,149.5,"人车分流, 小型社区, 品牌房企, 入户花园",160.0,9.392661928770137,5.075173815233827,5.0072963928307415
天马丽苑·悦璟湾,花都,铁路西,售罄,32000,4室,122.0,"车位充足, 绿化率高, 养老舒适, 入户花园",360.0,10.373491181781864,5.886104031450156,4.804021044733257
增城一品山湖,增城,荔城增江,售罄,11000,4室,128.0,"人车分流, 大型社区, 国央企, 品牌房企",130.0,9.305650551780507,4.867534450455582,4.852030263919617
合景誉山国际,增城,永宁,售罄,18000,4室,108.0,"车位充足, 人车分流, 品牌房企, 贴心物业",90.0,9.798127036878302,4.499809670330265,4.68213122712422
华发荔湾荟,荔湾,滘口,售罄,22000,2室,52.5,"人车分流, 小型社区, 国央企, 品牌房企",85.0,9.998797732340453,4.442651256490317,3.960813169597578
广州国际空港中心,花都,镜湖大道,售罄,12000,2室,38.0,"绿化率高, 人车分流, 国央企, 品牌房企",46.0,9.392661928770137,3.828641396489095,3.6375861597263857
招商臻园,增城,新塘北,售罄,18000,4室,119.0,"车位充足, 人车分流, 国央企, 品牌房企",230.0,9.798127036878302,5.438079308923196,4.77912349311153
越秀臻悦府,花都,镜湖大道,售罄,30000,4室,110.0,"车位充足, 绿化率高, 国央企, 品牌房企",290.0,10.308952660644293,5.66988092298052,4.700480365792417
逸合中心,荔湾,鹤洞,售罄,34000,2室,44.5,"人车分流, 封闭管理, 品牌房企, 近地铁",155.0,10.4341158035983,5.043425116919247,3.7954891891721947
越秀国际总部广场,南沙,金洲,售罄,13500,3室,63.5,"人车分流, 大型社区, 国央企, 品牌房企",70.0,9.51044496442652,4.248495242049359,4.151039905898646
合家和府,从化,旺城片区,售罄,12000,2室,107.0,"车位充足, 绿化率高, 儿童乐园, 公交直达",120.0,9.392661928770137,4.787491742782046,4.672828834461906
星河·湾区壹号,南沙,金洲,售罄,13000,2室,56.0,"人车分流, 封闭管理, 品牌房企, 健身跑道",80.0,9.472704636443673,4.382026634673881,4.02535169073515
祈福黄金海岸,花都,赤坭镇,售罄,7888,3室,112.0,"绿化率高, 低密居所, 贴心物业, 实体样板间",58.0,8.973097896282471,4.060443010546419,4.718498871295094
嘉骏幸福里,从化,旧城区,售罄,15500,3室,97.5,"绿化率高, 人车分流, 健身跑道, 休闲会所",149.0,9.648595302907339,5.003946305945459,4.579852378003801
远洋招商保利东湾,增城,朱村,售罄,20000,4室,103.0,"车位充足, 人车分流, 国央企, 品牌房企",188.0,9.903487552536127,5.236441962829949,4.634728988229636
合汇璟园,增城,增城碧桂园,售罄,35000,4室,228.5,"车位充足, 人车分流, 品牌房企, 入户花园",800.0,10.46310334047155,6.684611727667927,5.43153621033426
珠光御景壹號,荔湾,黄沙,售罄,65000,2室,75.0,"绿化率高, 人车分流, 休闲会所, 自持商业",400.0,11.082142548877775,5.991464547107982,4.31748811353631
纵横缤城,白云,新市,售罄,43000,2室,85.5,"绿化率高, 人车分流, 地铁沿线, 公交直达",360.0,10.668955394675699,5.886104031450156,4.448516375942715
广州大学城智慧谷,番禺,国际创新城,售罄,28600,1室,340.0,"人车分流, 大型社区, 品牌房企, 入户花园",950.0,10.261161996807944,6.856461984594587,5.8289456176102075
鸿成珠江玥,南沙,万顷沙,售罄,19000,2室,88.5,"绿化率高, 低密居所, 养老舒适, 自持商业",180.0,9.852194258148577,5.19295685089021,4.483002552013883
保利阅云台,白云,新市,售罄,45000,4室,103.5,"车位充足, 绿化率高, 国央企, 品牌房企",450.0,10.714417768752456,6.1092475827643655,4.639571612705423
南沙.越秀明珠天悦江湾,南沙,明珠湾,售罄,30000,4室,129.0,"绿化率高, 人车分流, 国央企, 品牌房企",260.0,10.308952660644293,5.560681631015528,4.859812404361672
中国铁建·花语岭南,番禺,金山谷,售罄,45000,4室,152.5,"车位充足, 绿化率高, 国央企, 品牌房企",650.0,10.714417768752456,6.476972362889683,5.0271645960474665
保利拾光年,黄埔,知识城,售罄,25500,3室,80.0,"车位充足, 低密居所, 国央企, 品牌房企",235.0,10.146433731146518,5.459585514144159,4.382026634673881
越秀臻裕府,花都,镜湖大道,售罄,28000,4室,111.0,"车位充足, 绿化率高, 国央企, 品牌房企",290.0,10.239959789157341,5.66988092298052,4.709530201312334
合盛·秀丽庄园,增城,小楼镇,售罄,18600,5室,215.0,"车位充足, 低密居所, 养老舒适, 品牌房企",500.0,9.830916859701293,6.214608098422191,5.3706380281276624
兰园·凤翎台,花都,镜湖大道,售罄,23800,4室,101.5,"车位充足, 绿化率高, 品牌房企, 贴心物业",238.0,10.077440859659566,5.472270673671475,4.620058798481842
领南星河荣誉,南沙,南沙港,售罄,28000,4室,114.0,"车位充足, 绿化率高, 品牌房企, 贴心物业",280.0,10.239959789157341,5.634789603169249,4.736198448394496
大华·紫悦府,番禺,市桥,售罄,27000,3室,111.0,"车位充足, 绿化率高, 品牌房企, 健身跑道",260.0,10.203592144986466,5.560681631015528,4.709530201312334
大华·紫悦府,番禺,市桥,售罄,29000,4室,108.0,"车位充足, 人车分流, 品牌房企, 贴心物业",90.0,10.275051108968611,4.499809670330265,4.68213122712422
龙湖天著,白云,人和,售罄,26000,4室,116.5,"车位充足, 绿化率高, 高品质小区, 养老舒适",230.0,10.165851817003619,5.438079308923196,4.757891273005756
时代龙湖天著,白云,人和,售罄,23000,4室,108.0,"人车分流, 封闭管理, 品牌房企, 健身跑道",65.0,10.043249494911286,4.174387269895637,4.68213122712422
珠江壹号,海珠,广州大道南,售罄,48000,3室,72.0,"车位充足, 人车分流, 自持商业, 多轨交汇",240.0,10.778956289890028,5.480638923341991,4.276666119016055
璞悦台,番禺,市桥北,售罄,31000,4室,115.0,"车位充足, 绿化率高, 品牌房企, 健身跑道",320.0,10.341742483467284,5.768320995793772,4.74493212836325
四海城商业广场,番禺,万博,售罄,30000,31室,2150.0,"大型社区, 近地铁, 多轨交汇, 已交房超2年",150.0,10.308952660644293,5.0106352940962555,7.673223121121708
光大ONE+,增城,永宁,售罄,30000,4室,108.0,"车位充足, 人车分流, 品牌房企, 公交直达",200.0,10.308952660644293,5.298317366548036,4.68213122712422
星樾山畔TOD,黄埔,科学城,售罄,36500,4室,95.0,"车位充足, 绿化率高, 国央企, 品牌房企",365.0,10.505067539570582,5.8998973535824915,4.553876891600541
星汇城,黄埔,知识城,售罄,22000,4室,101.5,"车位充足, 绿化率高, 国央企, 品牌房企",210.0,9.998797732340453,5.3471075307174685,4.620058798481842
时代云来（广州）,白云,人和,售罄,25000,4室,92.0,"车位充足, 绿化率高, 品牌房企, 科技住宅",210.0,10.126631103850338,5.3471075307174685,4.5217885770490405
万科金域曦府,荔湾,花地湾,售罄,55000,3室,102.0,"人车分流, 大型社区, 国央企, 品牌房企",550.0,10.915088464214607,6.309918278226516,4.624972813284271
星河智荟,南沙,明珠湾,售罄,24000,4室,108.0,"低总价, 车位充足, 绿化率高, 品牌房企",250.0,10.085809109330082,5.521460917862246,4.68213122712422
越秀和樾府,番禺,汉溪长隆,售罄,66000,4室,184.0,"车位充足, 人车分流, 国央企, 品牌房企",700.0,11.097410021008562,6.551080335043404,5.214935757608986
保利悦公馆,番禺,金山谷,售罄,38000,3室,115.5,"车位充足, 绿化率高, 国央企, 品牌房企",345.0,10.545341438708522,5.84354441703136,4.749270529961848
保利·明玥晨光,花都,新区,售罄,27500,4室,113.5,"车位充足, 人车分流, 国央企, 品牌房企",260.0,10.221941283654663,5.560681631015528,4.7318028369214575
雅居乐天际715,荔湾,芳村,售罄,60000,2室,73.5,"人车分流, 封闭管理, 品牌房企, 贴心物业",387.0,11.002099841204238,5.958424693029782,4.297285406218791
时代云来（广州）,白云,人和,售罄,35000,4室,108.0,"人车分流, 小型社区, 品牌房企, 健身跑道",200.0,10.46310334047155,5.298317366548036,4.68213122712422
保利阅云台,白云,新市,售罄,50000,1室,28.0,"车位充足, 人车分流, 国央企, 品牌房企",300.0,10.819778284410283,5.703782474656201,3.332204510175204
越秀国际总部广场,南沙,金洲,售罄,25000,4室,108.0,"人车分流, 大型社区, 国央企, 品牌房企",300.0,10.126631103850338,5.703782474656201,4.68213122712422
保利大都汇,番禺,汉溪长隆,售罄,30000,8室,3241.5,"车位充足, 人车分流, 国央企, 品牌房企",6000.0,10.308952660644293,8.699514748210191,8.08379146461505
雅居乐滨江雅苑,从化,太平镇,售罄,11500,4室,87.0,"车位充足, 人车分流, 品牌房企, 科技住宅",90.0,9.350102314351341,4.499809670330265,4.465908118654584
中海联南沙国贸中心,南沙,金洲,售罄,18000,1室,182.5,"人车分流, 小型社区, 近地铁, 地铁沿线",120.0,9.798127036878302,4.787491742782046,5.206750173022546
明珠湾壹号,南沙,明珠湾,售罄,50000,3室,350.0,"车位充足, 人车分流, 国央企, 贴心物业",1588.0,10.819778284410283,7.370230641807081,5.857933154483459
中国铁建环球中心,南沙,南沙区府,售罄,12600,1室,43.5,"小型社区, 国央企, 品牌房企, 近地铁",75.0,9.441452092939569,4.31748811353631,3.7727609380946383
保利湾上,南沙,黄阁,售罄,22000,3室,93.5,"车位充足, 人车分流, 国央企, 品牌房企",200.0,9.998797732340453,5.298317366548036,4.537961436294641
奥园中新城市天地,增城,中新镇,售罄,21500,4室,87.0,"车位充足, 人车分流, 品牌房企, 近地铁",185.0,9.975808214115753,5.220355825078324,4.465908118654584
合景臻玥广场,黄埔,科学城,售罄,55000,4室,108.0,"车位充足, 人车分流, 品牌房企, 近地铁",1600.0,10.915088464214607,7.3777589082278725,4.68213122712422
中建弘阳德信·湾璟壹号,南沙,万顷沙,售罄,20000,4室,98.5,"车位充足, 绿化率高, 国央企, 品牌房企",180.0,9.903487552536127,5.19295685089021,4.590056548178043
万科城市之光,黄埔,文冲,售罄,50000,4室,127.0,"人车分流, 封闭管理, 国央企, 品牌房企",450.0,10.819778284410283,6.1092475827643655,4.844187086458591
越秀·星汇文玺,番禺,国际创新城,售罄,38000,3室,97.5,"绿化率高, 人车分流, 国央企, 品牌房企",370.0,10.545341438708522,5.91350300563827,4.579852378003801
中交国际邮轮广场,南沙,南沙港,售罄,24000,1室,467.0,"车位充足, 人车分流, 国央企, 品牌房企",845.0,10.085809109330082,6.739336627357174,6.1463292576688975
美的江上沄启,南沙,明珠湾,售罄,30000,2室,119.0,"人车分流, 封闭管理, 品牌房企, 入户花园",300.0,10.308952660644293,5.703782474656201,4.77912349311153
金地半山风华,增城,永宁,售罄,12000,2室,86.0,"绿化率高, 低密居所, 高品质小区, 养老舒适",120.0,9.392661928770137,4.787491742782046,4.454347296253507
美的江上沄启,南沙,明珠湾,售罄,19500,3室,49.5,"人车分流, 封闭管理, 品牌房企, 贴心物业",74.0,9.878169744551839,4.30406509320417,3.901972669574645
领南星河荣誉,南沙,南沙港,售罄,34000,4室,108.0,"车位充足, 人车分流, 品牌房企, 健身跑道",160.0,10.4341158035983,5.075173815233827,4.68213122712422
中建玖玥湾,南沙,南沙港,售罄,35000,4室,120.0,"绿化率高, 人车分流, 国央企, 品牌房企",400.0,10.46310334047155,5.991464547107982,4.787491742782046
中海联睿品,增城,新塘北,售罄,30000,4室,108.0,"车位充足, 人车分流, 地铁沿线, 公交直达",150.0,10.308952660644293,5.0106352940962555,4.68213122712422
合景臻玥广场,黄埔,科学城,售罄,55000,5室,317.5,"车位充足, 绿化率高, 品牌房企, 贴心物业",1721.0,10.915088464214607,7.450660796211539,5.760477818332746
保利越秀·天启,荔湾,鹤洞,售罄,50000,3室,103.5,"人车分流, 封闭管理, 国央企, 品牌房企",600.0,10.819778284410283,6.396929655216146,4.639571612705423
越秀星寰TOD,番禺,钟村,售罄,36000,3室,111.0,"车位充足, 绿化率高, 国央企, 品牌房企",320.0,10.491274217438248,5.768320995793772,4.709530201312334
铂玥明珠ONE,南沙,明珠湾,售罄,28000,3室,96.0,"车位充足, 人车分流, 品牌房企, 科技住宅",250.0,10.239959789157341,5.521460917862246,4.564348191467836
保利南方财经大厦,天河,金融城,售罄,42000,6室,353.0,"人车分流, 封闭管理, 国央企, 品牌房企",1500.0,10.645424897265505,7.313220387090301,5.8664680569332965
越秀·星汇文玺,番禺,国际创新城,售罄,18000,2室,56.0,"绿化率高, 人车分流, 国央企, 品牌房企",150.0,9.798127036878302,5.0106352940962555,4.02535169073515
凯得金融中心,黄埔,科学城,售罄,26000,1室,1001.5,"小型社区, 国央企, 品牌房企, 近地铁",2600.0,10.165851817003619,7.8632667240095735,6.909254155105873
越秀明珠天悦江湾,南沙,明珠湾,售罄,27000,4室,108.0,"人车分流, 大型社区, 国央企, 品牌房企",900.0,10.203592144986466,6.802394763324311,4.68213122712422
星汇城,黄埔,知识城,售罄,15000,4室,108.0,"车位充足, 人车分流, 国央企, 品牌房企",60.0,9.615805480084347,4.0943445622221,4.68213122712422
凯德双桥新作,荔湾,大坦沙,售罄,50000,3室,101.0,"绿化率高, 人车分流, 品牌房企, 近地铁",450.0,10.819778284410283,6.1092475827643655,4.61512051684126
保利时代,从化,江浦街,售罄,22000,4室,108.0,"人车分流, 大型社区, 国央企, 品牌房企",75.0,9.998797732340453,4.31748811353631,4.68213122712422
金地半山风华,增城,永宁,售罄,22500,4室,108.0,"人车分流, 小型社区, 品牌房企, 公交直达",100.0,10.021270588192511,4.605170185988092,4.68213122712422
招商保利海珠天珺,海珠,黄埔村,售罄,30000,4室,111.0,"车位充足, 人车分流, 国央企, 品牌房企",300.0,10.308952660644293,5.703782474656201,4.709530201312334
招商保利海珠天珺,海珠,黄埔村,售罄,50000,4室,108.0,"车位充足, 人车分流, 国央企, 品牌房企",330.0,10.819778284410283,5.799092654460526,4.68213122712422
保利时光印象,南沙,金洲,售罄,18000,4室,93.0,"绿化率高, 人车分流, 国央企, 品牌房企",130.0,9.798127036878302,4.867534450455582,4.532599493153256
美的江上沄启,南沙,明珠湾,售罄,27000,4室,108.0,"人车分流, 封闭管理, 品牌房企, 公交直达",100.0,10.203592144986466,4.605170185988092,4.68213122712422
富豪山庄·领峰,番禺,富豪山庄,售罄,30000,1室,80.0,"车位充足, 低密居所, 地铁沿线, 公交直达",159.0,10.308952660644293,5.0689042022202315,4.382026634673881
越秀·星汇文玺,番禺,国际创新城,售罄,38000,4室,108.0,"人车分流, 封闭管理, 国央企, 品牌房企",90.0,10.545341438708522,4.499809670330265,4.68213122712422
中建玖玥湾,南沙,南沙港,售罄,17000,2室,51.5,"绿化率高, 人车分流, 国央企, 品牌房企",76.0,9.740968623038354,4.330733340286331,3.9415818076696905
富力新城,黄埔,开发东区,售罄,43000,1室,76.0,"人车分流, 大型社区, 地铁沿线, 公交直达",355.0,10.668955394675699,5.872117789475416,4.330733340286331
琶洲One57,海珠,磨碟沙,售罄,55000,2室,50.5,"人车分流, 小型社区, 国央企, 品牌房企",230.0,10.915088464214607,5.438079308923196,3.9219733362813143
亿凯创智汇,白云,太和,售罄,14000,3室,64.0,"小型社区, 地铁沿线, 公交直达, 已交房1年内",50.0,9.546812608597396,3.912023005428146,4.1588830833596715
保利罗兰国际（商业）,黄埔,科学城,售罄,40000,4室,108.0,"车位充足, 人车分流, 国央企, 品牌房企",350.0,10.596634733096073,5.857933154483459,4.68213122712422
禧都华庭,花都,铁路西,售罄,28000,1室,40.0,"人车分流, 小型社区, 品牌房企, 近地铁",114.0,10.239959789157341,4.736198448394496,3.6888794541139363
金地云上,增城,中新镇,售罄,20000,4室,108.0,"车位充足, 人车分流, 品牌房企, 地铁沿线",95.0,9.903487552536127,4.553876891600541,4.68213122712422
星樾山畔TOD,黄埔,科学城,售罄,40000,4室,108.0,"车位充足, 人车分流, 国央企, 品牌房企",200.0,10.596634733096073,5.298317366548036,4.68213122712422
禧都华庭,花都,铁路西,售罄,28000,1室,40.0,"人车分流, 小型社区, 品牌房企, 地铁沿线",114.0,10.239959789157341,4.736198448394496,3.6888794541139363
保利雅郡,荔湾,广钢新城,售罄,45000,4室,89.0,"绿化率高, 人车分流, 国央企, 品牌房企",398.0,10.714417768752456,5.986452005284438,4.48863636973214
龙光·玖龙湖,四会,大旺,售罄,6500,2室,58.5,"楼盘, 人车分流, 大型社区, 品牌房企",30.0,8.779557455883728,3.4011973816621555,4.069026754237811
保利爱乐小镇,四会市,大旺广场,售罄,5800,3室,107.0,"楼盘, 人车分流, 大型社区, 国央企",50.0,8.66561319653451,3.912023005428146,4.672828834461906
龙光玖誉城,鼎湖区,鼎湖,售罄,9300,3室,101.5,"楼盘, 人车分流, 大型社区, 品牌房企",90.0,9.137769679141348,4.499809670330265,4.620058798481842
碧桂园明珠花园,四会,大旺,售罄,5500,3室,92.5,"楼盘, 绿化率高, 人车分流, 品牌房企",50.0,8.612503371220562,3.912023005428146,4.52720864451838
恒大名都,四会,大旺,售罄,6400,4室,120.0,"楼盘, 人车分流, 大型社区, 品牌房企",50.0,8.764053269347762,3.912023005428146,4.787491742782046
